--
-- Intro to Postgres - Series 03 Sample Data
--
-- This file creates and populates tables for learning SQL JOINs:
-- - INNER JOIN (users + posts, users + user_preferences)
-- - LEFT JOIN (customers + orders, users + posts with orphans)
-- - UNION (current_employees + former_employees)
--
-- Usage: Run this file in any SQL client (TablePlus, pgAdmin, etc.)
--

-- Clean up if tables exist (in correct order due to foreign keys)
DROP TABLE IF EXISTS orders CASCADE;
DROP TABLE IF EXISTS posts CASCADE;
DROP TABLE IF EXISTS user_preferences CASCADE;
DROP TABLE IF EXISTS customers CASCADE;
DROP TABLE IF EXISTS users CASCADE;
DROP TABLE IF EXISTS current_employees CASCADE;
DROP TABLE IF EXISTS former_employees CASCADE;

--
-- Users table
--

CREATE TABLE users (
    id bigint NOT NULL,
    name character varying(255) NOT NULL,
    email character varying(255) NOT NULL,
    created_at timestamp(0) without time zone DEFAULT CURRENT_TIMESTAMP,
    updated_at timestamp(0) without time zone DEFAULT CURRENT_TIMESTAMP
);

CREATE SEQUENCE users_id_seq START WITH 1 INCREMENT BY 1 NO MINVALUE NO MAXVALUE CACHE 1;
ALTER SEQUENCE users_id_seq OWNED BY users.id;
ALTER TABLE ONLY users ALTER COLUMN id SET DEFAULT nextval('users_id_seq'::regclass);

--
-- User preferences table (1:1 with users)
--

CREATE TABLE user_preferences (
    user_id bigint NOT NULL,
    theme text DEFAULT 'light',
    notifications_enabled boolean DEFAULT true,
    updated_at timestamp(0) without time zone DEFAULT CURRENT_TIMESTAMP
);

--
-- Posts table (many:1 with users)
--

CREATE TABLE posts (
    id bigint NOT NULL,
    title character varying(255) NOT NULL,
    content text NOT NULL,
    user_id bigint,
    published boolean DEFAULT false,
    view_count integer DEFAULT 0,
    created_at timestamp(0) without time zone DEFAULT CURRENT_TIMESTAMP,
    updated_at timestamp(0) without time zone DEFAULT CURRENT_TIMESTAMP
);

CREATE SEQUENCE posts_id_seq START WITH 1 INCREMENT BY 1 NO MINVALUE NO MAXVALUE CACHE 1;
ALTER SEQUENCE posts_id_seq OWNED BY posts.id;
ALTER TABLE ONLY posts ALTER COLUMN id SET DEFAULT nextval('posts_id_seq'::regclass);

--
-- Customers table
--

CREATE TABLE customers (
    id bigint NOT NULL,
    email character varying(255) NOT NULL,
    created_at timestamp(0) without time zone DEFAULT CURRENT_TIMESTAMP,
    updated_at timestamp(0) without time zone DEFAULT CURRENT_TIMESTAMP
);

CREATE SEQUENCE customers_id_seq START WITH 1 INCREMENT BY 1 NO MINVALUE NO MAXVALUE CACHE 1;
ALTER SEQUENCE customers_id_seq OWNED BY customers.id;
ALTER TABLE ONLY customers ALTER COLUMN id SET DEFAULT nextval('customers_id_seq'::regclass);

--
-- Orders table (many:1 with customers)
--

CREATE TABLE orders (
    id bigint NOT NULL,
    customer_id bigint NOT NULL,
    total numeric(10,2) NOT NULL,
    created_at timestamp(0) without time zone DEFAULT CURRENT_TIMESTAMP,
    updated_at timestamp(0) without time zone DEFAULT CURRENT_TIMESTAMP
);

CREATE SEQUENCE orders_id_seq START WITH 1 INCREMENT BY 1 NO MINVALUE NO MAXVALUE CACHE 1;
ALTER SEQUENCE orders_id_seq OWNED BY orders.id;
ALTER TABLE ONLY orders ALTER COLUMN id SET DEFAULT nextval('orders_id_seq'::regclass);

--
-- Current employees table (for UNION demos)
--

CREATE TABLE current_employees (
    id bigint NOT NULL,
    name character varying(255) NOT NULL,
    email character varying(255) NOT NULL,
    department character varying(255) NOT NULL,
    hire_date date NOT NULL,
    created_at timestamp(0) without time zone DEFAULT CURRENT_TIMESTAMP,
    updated_at timestamp(0) without time zone DEFAULT CURRENT_TIMESTAMP
);

CREATE SEQUENCE current_employees_id_seq START WITH 1 INCREMENT BY 1 NO MINVALUE NO MAXVALUE CACHE 1;
ALTER SEQUENCE current_employees_id_seq OWNED BY current_employees.id;
ALTER TABLE ONLY current_employees ALTER COLUMN id SET DEFAULT nextval('current_employees_id_seq'::regclass);

--
-- Former employees table (for UNION demos)
--

CREATE TABLE former_employees (
    id bigint NOT NULL,
    name character varying(255) NOT NULL,
    email character varying(255) NOT NULL,
    department character varying(255) NOT NULL,
    created_at timestamp(0) without time zone DEFAULT CURRENT_TIMESTAMP,
    updated_at timestamp(0) without time zone DEFAULT CURRENT_TIMESTAMP
);

CREATE SEQUENCE former_employees_id_seq START WITH 1 INCREMENT BY 1 NO MINVALUE NO MAXVALUE CACHE 1;
ALTER SEQUENCE former_employees_id_seq OWNED BY current_employees.id;
ALTER TABLE ONLY former_employees ALTER COLUMN id SET DEFAULT nextval('former_employees_id_seq'::regclass);

-- Users data

INSERT INTO users (id, name, email, created_at, updated_at) VALUES ('1', 'Yesenia Schroeder', 'domenick20@example.net', '2025-02-16 22:52:46', '2025-11-29 05:23:46');
INSERT INTO users (id, name, email, created_at, updated_at) VALUES ('2', 'Aurelie Denesik', 'jerod72@example.net', '2025-05-05 04:08:32', '2025-11-29 05:23:46');
INSERT INTO users (id, name, email, created_at, updated_at) VALUES ('3', 'Leonie Schamberger', 'kertzmann.dorothea@example.org', '2024-10-15 15:49:13', '2025-11-29 05:23:46');
INSERT INTO users (id, name, email, created_at, updated_at) VALUES ('4', 'Lawrence Bartoletti', 'gleason.gladyce@example.net', '2024-11-14 11:49:50', '2025-11-29 05:23:46');
INSERT INTO users (id, name, email, created_at, updated_at) VALUES ('5', 'Ms. Freeda Cronin', 'ricky19@example.com', '2024-05-06 20:58:03', '2025-11-29 05:23:46');
INSERT INTO users (id, name, email, created_at, updated_at) VALUES ('6', 'Alejandra Fritsch', 'jamir.pouros@example.com', '2025-11-06 22:57:58', '2025-11-29 05:23:46');
INSERT INTO users (id, name, email, created_at, updated_at) VALUES ('7', 'Mrs. Alene Dietrich', 'romaguera.johathan@example.org', '2024-10-03 22:58:12', '2025-11-29 05:23:46');
INSERT INTO users (id, name, email, created_at, updated_at) VALUES ('8', 'Annie Kunze', 'vmcglynn@example.com', '2025-05-04 15:46:30', '2025-11-29 05:23:46');
INSERT INTO users (id, name, email, created_at, updated_at) VALUES ('9', 'Alejandrin Bartoletti Sr.', 'xboehm@example.com', '2024-11-15 07:44:36', '2025-11-29 05:23:46');
INSERT INTO users (id, name, email, created_at, updated_at) VALUES ('10', 'Mr. Cornelius O''Keefe PhD', 'swaniawski.shanie@example.net', '2024-04-21 11:11:10', '2025-11-29 05:23:46');
INSERT INTO users (id, name, email, created_at, updated_at) VALUES ('11', 'Antwan Gleichner III', 'ofranecki@example.org', '2024-06-19 10:15:22', '2025-11-29 05:23:46');
INSERT INTO users (id, name, email, created_at, updated_at) VALUES ('12', 'Mrs. Aletha Kilback DVM', 'opredovic@example.com', '2024-04-27 15:42:18', '2025-11-29 05:23:46');
INSERT INTO users (id, name, email, created_at, updated_at) VALUES ('13', 'Ms. Savannah Gutmann IV', 'ottilie.hintz@example.org', '2024-10-25 01:23:45', '2025-11-29 05:23:46');
INSERT INTO users (id, name, email, created_at, updated_at) VALUES ('14', 'Lucy Larson', 'will.hermiston@example.org', '2025-06-13 05:14:36', '2025-11-29 05:23:46');
INSERT INTO users (id, name, email, created_at, updated_at) VALUES ('15', 'Cynthia Kunde', 'upton.danial@example.org', '2024-12-09 17:16:53', '2025-11-29 05:23:46');
INSERT INTO users (id, name, email, created_at, updated_at) VALUES ('16', 'Johanna Murazik', 'qmckenzie@example.net', '2024-01-18 07:02:26', '2025-11-29 05:23:46');
INSERT INTO users (id, name, email, created_at, updated_at) VALUES ('17', 'Wayne Larkin', 'prohaska.nasir@example.com', '2024-06-17 10:32:15', '2025-11-29 05:23:46');
INSERT INTO users (id, name, email, created_at, updated_at) VALUES ('18', 'Tyrese Heathcote', 'reichert.magali@example.net', '2024-07-21 17:27:41', '2025-11-29 05:23:46');
INSERT INTO users (id, name, email, created_at, updated_at) VALUES ('19', 'Colin Morissette', 'ydaniel@example.net', '2024-08-15 09:04:30', '2025-11-29 05:23:46');
INSERT INTO users (id, name, email, created_at, updated_at) VALUES ('20', 'Deangelo Hand', 'blanda.chadd@example.com', '2025-05-14 23:00:59', '2025-11-29 05:23:46');
INSERT INTO users (id, name, email, created_at, updated_at) VALUES ('21', 'America Bayer', 'berry42@example.net', '2025-01-02 09:56:23', '2025-11-29 05:23:46');
INSERT INTO users (id, name, email, created_at, updated_at) VALUES ('22', 'Darian Lockman', 'ethyl.parker@example.org', '2025-09-27 20:58:45', '2025-11-29 05:23:46');
INSERT INTO users (id, name, email, created_at, updated_at) VALUES ('23', 'Prof. Stanley Schroeder', 'pdicki@example.net', '2025-10-25 14:36:24', '2025-11-29 05:23:46');
INSERT INTO users (id, name, email, created_at, updated_at) VALUES ('24', 'Rafael Hilpert', 'walton60@example.net', '2025-05-11 23:42:56', '2025-11-29 05:23:46');
INSERT INTO users (id, name, email, created_at, updated_at) VALUES ('25', 'Sasha Ondricka DVM', 'syble.king@example.net', '2024-04-04 08:56:47', '2025-11-29 05:23:46');
INSERT INTO users (id, name, email, created_at, updated_at) VALUES ('26', 'Ulises Schamberger', 'fhayes@example.org', '2024-01-16 07:46:43', '2025-11-29 05:23:46');
INSERT INTO users (id, name, email, created_at, updated_at) VALUES ('27', 'Cristopher Will', 'chasity02@example.com', '2024-11-16 22:27:07', '2025-11-29 05:23:46');
INSERT INTO users (id, name, email, created_at, updated_at) VALUES ('28', 'Prof. Walter Rempel', 'ferry.emilio@example.com', '2024-11-08 19:36:40', '2025-11-29 05:23:46');
INSERT INTO users (id, name, email, created_at, updated_at) VALUES ('29', 'Milton Pouros', 'orn.maverick@example.org', '2024-07-20 18:49:29', '2025-11-29 05:23:46');
INSERT INTO users (id, name, email, created_at, updated_at) VALUES ('30', 'Faustino Toy', 'beulah67@example.com', '2025-07-11 11:40:11', '2025-11-29 05:23:46');
INSERT INTO users (id, name, email, created_at, updated_at) VALUES ('31', 'Javier Bergnaum DVM', 'daisha.bahringer@example.org', '2025-07-16 13:57:22', '2025-11-29 05:23:46');
INSERT INTO users (id, name, email, created_at, updated_at) VALUES ('32', 'Prof. Jamison Hahn', 'ckassulke@example.com', '2024-09-26 00:24:01', '2025-11-29 05:23:46');
INSERT INTO users (id, name, email, created_at, updated_at) VALUES ('33', 'Nikko Williamson', 'marlon56@example.org', '2024-06-28 21:51:32', '2025-11-29 05:23:46');
INSERT INTO users (id, name, email, created_at, updated_at) VALUES ('34', 'Ms. Kiarra Sauer', 'roxane.barton@example.com', '2025-04-29 06:19:36', '2025-11-29 05:23:46');
INSERT INTO users (id, name, email, created_at, updated_at) VALUES ('35', 'Prof. Jake Trantow Jr.', 'cordie28@example.net', '2025-08-30 10:52:49', '2025-11-29 05:23:46');
INSERT INTO users (id, name, email, created_at, updated_at) VALUES ('36', 'Brando Grant Sr.', 'amann@example.com', '2025-07-16 06:55:04', '2025-11-29 05:23:46');
INSERT INTO users (id, name, email, created_at, updated_at) VALUES ('37', 'Eladio Mayer', 'vonrueden.teresa@example.org', '2025-11-12 11:11:51', '2025-11-29 05:23:46');
INSERT INTO users (id, name, email, created_at, updated_at) VALUES ('38', 'Asha Rippin III', 'anabelle42@example.net', '2025-10-29 21:20:11', '2025-11-29 05:23:46');
INSERT INTO users (id, name, email, created_at, updated_at) VALUES ('39', 'Opal Bednar', 'alexane36@example.org', '2024-04-18 17:23:50', '2025-11-29 05:23:46');
INSERT INTO users (id, name, email, created_at, updated_at) VALUES ('40', 'Prof. Diego Walker', 'veronica50@example.org', '2025-09-03 05:01:37', '2025-11-29 05:23:46');
INSERT INTO users (id, name, email, created_at, updated_at) VALUES ('41', 'Miss Theresia Schneider', 'oskiles@example.org', '2025-05-29 06:20:15', '2025-11-29 05:23:46');
INSERT INTO users (id, name, email, created_at, updated_at) VALUES ('42', 'Gwen Lehner', 'feeney.shyann@example.org', '2024-01-08 11:41:07', '2025-11-29 05:23:46');
INSERT INTO users (id, name, email, created_at, updated_at) VALUES ('43', 'Mr. Elbert Veum Jr.', 'zella73@example.net', '2024-08-26 12:21:26', '2025-11-29 05:23:46');
INSERT INTO users (id, name, email, created_at, updated_at) VALUES ('44', 'Lindsey Kub', 'denesik.mariela@example.net', '2024-05-21 23:26:04', '2025-11-29 05:23:46');
INSERT INTO users (id, name, email, created_at, updated_at) VALUES ('45', 'Ena Rippin', 'johnathan.reinger@example.com', '2024-07-11 00:18:40', '2025-11-29 05:23:46');
INSERT INTO users (id, name, email, created_at, updated_at) VALUES ('46', 'Prof. Mabelle Legros', 'cale.kertzmann@example.net', '2025-11-02 12:23:22', '2025-11-29 05:23:46');
INSERT INTO users (id, name, email, created_at, updated_at) VALUES ('47', 'Mr. Otho Stokes Sr.', 'jswift@example.net', '2025-02-14 03:23:35', '2025-11-29 05:23:46');
INSERT INTO users (id, name, email, created_at, updated_at) VALUES ('48', 'Fatima Bednar', 'tbarrows@example.net', '2025-02-10 12:13:46', '2025-11-29 05:23:46');
INSERT INTO users (id, name, email, created_at, updated_at) VALUES ('49', 'Jan Turcotte', 'vernice.nolan@example.net', '2025-05-17 05:14:28', '2025-11-29 05:23:46');
INSERT INTO users (id, name, email, created_at, updated_at) VALUES ('50', 'Mr. Nolan Moen', 'berneice85@example.org', '2024-05-16 06:31:50', '2025-11-29 05:23:46');
INSERT INTO users (id, name, email, created_at, updated_at) VALUES ('51', 'Annabell Beahan', 'dickinson.jimmie@example.org', '2025-09-15 16:58:39', '2025-11-29 05:23:46');
INSERT INTO users (id, name, email, created_at, updated_at) VALUES ('52', 'Lucile Dicki', 'hmills@example.org', '2025-10-29 07:01:52', '2025-11-29 05:23:46');
INSERT INTO users (id, name, email, created_at, updated_at) VALUES ('53', 'Luna Stokes V', 'cara88@example.org', '2024-11-22 21:52:40', '2025-11-29 05:23:46');
INSERT INTO users (id, name, email, created_at, updated_at) VALUES ('54', 'Prof. Sim Nienow V', 'njohns@example.net', '2025-06-27 12:08:42', '2025-11-29 05:23:46');
INSERT INTO users (id, name, email, created_at, updated_at) VALUES ('55', 'Gideon Bernhard', 'cole.roscoe@example.net', '2025-08-21 23:10:13', '2025-11-29 05:23:46');
INSERT INTO users (id, name, email, created_at, updated_at) VALUES ('56', 'Geovanny Langworth', 'andres.kessler@example.com', '2024-04-28 15:07:49', '2025-11-29 05:23:46');
INSERT INTO users (id, name, email, created_at, updated_at) VALUES ('57', 'August Kautzer II', 'foster.wiza@example.net', '2025-10-12 07:26:30', '2025-11-29 05:23:46');
INSERT INTO users (id, name, email, created_at, updated_at) VALUES ('58', 'Prof. Christop Kautzer', 'cynthia18@example.net', '2024-03-27 19:45:59', '2025-11-29 05:23:46');
INSERT INTO users (id, name, email, created_at, updated_at) VALUES ('59', 'Tanner Nader', 'devante.ankunding@example.org', '2025-06-16 04:38:17', '2025-11-29 05:23:46');
INSERT INTO users (id, name, email, created_at, updated_at) VALUES ('60', 'Herbert Ernser', 'satterfield.axel@example.com', '2025-11-16 10:55:49', '2025-11-29 05:23:46');
INSERT INTO users (id, name, email, created_at, updated_at) VALUES ('61', 'Delfina Zboncak', 'nicholas07@example.org', '2024-09-10 02:12:45', '2025-11-29 05:23:46');
INSERT INTO users (id, name, email, created_at, updated_at) VALUES ('62', 'Elisha Farrell', 'mckenzie.mueller@example.org', '2025-06-12 19:11:25', '2025-11-29 05:23:46');
INSERT INTO users (id, name, email, created_at, updated_at) VALUES ('63', 'Prof. Emory Lindgren DDS', 'nolan.mozelle@example.org', '2024-11-24 09:33:51', '2025-11-29 05:23:46');
INSERT INTO users (id, name, email, created_at, updated_at) VALUES ('64', 'Ashtyn Cronin MD', 'drath@example.net', '2025-03-11 03:39:56', '2025-11-29 05:23:46');
INSERT INTO users (id, name, email, created_at, updated_at) VALUES ('65', 'Dandre Turcotte', 'kory.bernhard@example.net', '2025-06-10 08:12:28', '2025-11-29 05:23:46');
INSERT INTO users (id, name, email, created_at, updated_at) VALUES ('66', 'Vella Gottlieb II', 'zkonopelski@example.net', '2025-02-05 22:32:59', '2025-11-29 05:23:46');
INSERT INTO users (id, name, email, created_at, updated_at) VALUES ('67', 'Prof. Gloria Cormier', 'lesley41@example.org', '2024-01-11 13:39:54', '2025-11-29 05:23:46');
INSERT INTO users (id, name, email, created_at, updated_at) VALUES ('68', 'Mara Rau', 'jessie.bergstrom@example.net', '2025-07-13 09:15:39', '2025-11-29 05:23:46');
INSERT INTO users (id, name, email, created_at, updated_at) VALUES ('69', 'Mr. Nasir Johnson I', 'modesta.rice@example.net', '2024-10-12 13:01:34', '2025-11-29 05:23:46');
INSERT INTO users (id, name, email, created_at, updated_at) VALUES ('70', 'Ms. Leonora Prosacco Sr.', 'lynch.gerry@example.com', '2025-02-09 00:39:42', '2025-11-29 05:23:46');
INSERT INTO users (id, name, email, created_at, updated_at) VALUES ('71', 'Magdalen Gleichner DDS', 'dulce.nikolaus@example.net', '2025-11-13 17:30:02', '2025-11-29 05:23:46');
INSERT INTO users (id, name, email, created_at, updated_at) VALUES ('72', 'Michaela Gorczany Jr.', 'daryl13@example.net', '2025-08-12 05:54:46', '2025-11-29 05:23:46');
INSERT INTO users (id, name, email, created_at, updated_at) VALUES ('73', 'Fay King', 'hosea.abernathy@example.net', '2025-01-04 02:32:14', '2025-11-29 05:23:46');
INSERT INTO users (id, name, email, created_at, updated_at) VALUES ('74', 'Nora Romaguera', 'gottlieb.tess@example.com', '2024-04-14 21:36:59', '2025-11-29 05:23:46');
INSERT INTO users (id, name, email, created_at, updated_at) VALUES ('75', 'Dr. Elfrieda Johnston', 'virginie.okeefe@example.net', '2024-05-25 13:33:28', '2025-11-29 05:23:46');

-- User preferences data


-- Posts data

INSERT INTO posts (id, title, content, user_id, published, view_count, created_at, updated_at) VALUES ('1', 'Molestiae maxime quas qui.', 'Possimus sint ipsum aut quia architecto excepturi quam. Qui reiciendis dicta fugit nesciunt doloribus rerum ipsa. Pariatur natus est error autem molestias quo.\n\nRepudiandae aut eveniet voluptas unde aliquid dolor nisi ipsa. Sequi saepe hic non odit qui libero. Sint ipsa voluptatem explicabo non sapiente sed.\n\nEveniet cupiditate assumenda ipsa. Fugiat expedita rerum non velit quaerat. Explicabo illo quas dolorem facilis vero sit ipsum sed. Ipsum sed aliquid non necessitatibus.\n\nAb ut qui rerum et sint. Quo id reiciendis est exercitationem est quae. Dolores expedita odit provident dicta corrupti.', '44', 'f', '3769', '2025-08-15 01:28:45', '2025-08-15 01:28:45');
INSERT INTO posts (id, title, content, user_id, published, view_count, created_at, updated_at) VALUES ('2', 'Quasi omnis cupiditate vero mollitia ut.', 'Doloribus veniam asperiores eveniet. Enim in assumenda dolor.\n\nExpedita sequi dolorem sunt nesciunt ipsum nihil doloremque. Qui enim exercitationem quas. Et nemo consequuntur qui quod animi et. Ea non rerum qui est occaecati ut quisquam.\n\nNam quisquam inventore nihil ut. Ut odio dolore sed.', '7', 'f', '9196', '2025-03-22 01:16:43', '2025-03-22 01:16:43');
INSERT INTO posts (id, title, content, user_id, published, view_count, created_at, updated_at) VALUES ('3', 'Voluptates eligendi enim aspernatur deserunt nobis dolorum et accusantium.', 'Sunt adipisci dolorem incidunt. Fugit quisquam non deleniti a. Ut officia saepe dolorem consectetur sit ducimus error. Illo eum rerum sapiente sed iste rerum error.\n\nIllum cum voluptatem expedita quia. Consequatur adipisci expedita optio omnis omnis voluptatem incidunt.\n\nQuis nam earum odit quas veniam corporis quia. Laudantium et voluptates reiciendis tempora exercitationem sint. Delectus excepturi minima excepturi iure.\n\nHic aut neque corrupti atque et. Rerum nemo quasi corrupti est ducimus temporibus architecto. Dolorem tenetur nemo quis exercitationem nam. Rerum impedit aperiam maiores occaecati est eos.\n\nQui illo iure quod tempore magni. Itaque natus beatae nesciunt eligendi. Voluptas fuga ut sint numquam.\n\nEt et placeat officiis velit rerum natus occaecati. Laudantium voluptatem omnis laborum laudantium ad est ut. Qui voluptate aliquid consectetur qui saepe.', '32', 'f', '2899', '2025-02-22 21:49:06', '2025-02-22 21:49:06');
INSERT INTO posts (id, title, content, user_id, published, view_count, created_at, updated_at) VALUES ('4', 'Commodi non sequi perferendis rem.', 'Aut qui ipsam quasi omnis fugit fugit odit dolorem. Sapiente nam fugiat dolores nostrum atque. Omnis et et consequatur suscipit. Sint rem repellendus voluptatem eum.\n\nAmet voluptates ab quo vel et necessitatibus voluptates nostrum. Voluptatem et voluptatem atque ut temporibus consequatur laudantium. Accusantium quos porro ut. Corrupti totam occaecati sint tenetur quis et.\n\nAutem nostrum alias aliquam placeat corrupti. Consequatur impedit delectus illo quam minima. Quia quisquam pariatur pariatur quis enim. Accusamus sequi et rerum occaecati fugiat. Quo ut architecto animi iusto animi libero.', '20', 't', '3494', '2025-02-21 01:11:42', '2025-02-21 01:11:42');
INSERT INTO posts (id, title, content, user_id, published, view_count, created_at, updated_at) VALUES ('5', 'Similique enim nostrum.', 'Sint dolorem ea qui. Aut odit cupiditate minus repellat eveniet. Modi unde autem dicta quia doloribus veritatis et consequuntur. Sit nemo velit occaecati aut sunt fugit autem. Quisquam aut aut maxime quidem.\n\nConsequatur sed sint optio autem quo a soluta. Eum et facere quo error. Omnis ut est laudantium animi in. Et quia quod ea odit dolor.\n\nMagni et nesciunt quaerat dignissimos explicabo officiis quae. Architecto quo molestiae beatae qui quidem tempore omnis et. Nobis occaecati rerum eveniet saepe sed. Blanditiis quo velit earum explicabo incidunt.\n\nAb et blanditiis illo laboriosam. Et temporibus et iusto provident. Illum ullam unde eaque ut. Hic repellat et voluptatem aut illum ut.\n\nSequi rerum vel perspiciatis exercitationem beatae accusantium. Possimus dolor minus nostrum quia sunt nulla eligendi. Aliquam beatae alias sit omnis.', '23', 't', '9435', '2025-03-24 05:43:16', '2025-03-24 05:43:16');
INSERT INTO posts (id, title, content, user_id, published, view_count, created_at, updated_at) VALUES ('6', 'Voluptatem deserunt ut neque.', 'Doloribus ducimus autem atque voluptate aut aut enim aperiam. Quaerat illum cum vel et aperiam nemo optio. Nobis ad quae qui. A commodi et vero commodi odio facilis voluptatem.\n\nDebitis aperiam blanditiis repellat totam quasi. Est sit aperiam deserunt repellat. Veritatis distinctio officiis vel fugit laudantium. Praesentium odio ea id quas.\n\nFacere repellat dolorem consequuntur. Facilis voluptas sed recusandae nemo. Quasi ea et saepe est sed ipsum. Tempora officiis quas sunt asperiores facere eos ad.\n\nLaborum molestiae ut porro possimus. Omnis autem sint molestiae sed sit sed blanditiis.', '1', 'f', '1509', '2025-10-09 20:36:58', '2025-10-09 20:36:58');
INSERT INTO posts (id, title, content, user_id, published, view_count, created_at, updated_at) VALUES ('7', 'Ab consequatur est est qui.', 'Corporis quo eius voluptas sunt ullam beatae perferendis. Libero optio quasi nihil aperiam consequatur quia unde. Ipsum modi provident non vel.\n\nDolores aut vel eaque. Rerum quos in dolor. Itaque id laborum est sit maxime sint cumque. Et et et quis.\n\nIste magni ut quis a distinctio dicta. Voluptatem eveniet quia nihil odio voluptatibus qui. Nam commodi blanditiis alias aut dolore occaecati.\n\nEst rerum quo et repellat assumenda nam. Magnam non vero sapiente a optio. Qui tempore necessitatibus et consequatur praesentium nostrum esse id.\n\nDolorem dolor dolores temporibus aut eum. Pariatur quos enim quia ex ipsam.', '17', 't', '3373', '2025-02-01 06:34:12', '2025-02-01 06:34:12');
INSERT INTO posts (id, title, content, user_id, published, view_count, created_at, updated_at) VALUES ('8', 'Deserunt sapiente beatae officiis cupiditate et illo consequatur qui blanditiis voluptate.', 'Nostrum vel sed eum nobis quis cum eos ab. Quam a et eum voluptatibus illo aut veniam et. Eaque quod dicta consequatur delectus hic.\n\nPlaceat voluptatem mollitia officiis sunt. Eligendi incidunt quae ea nobis aut deleniti veniam. Quia nam cumque aperiam perspiciatis vero modi. Aliquam qui ipsa sunt voluptatem.\n\nAlias molestias earum dicta quia ex. Sapiente sunt minima ipsa et tempora. Ut accusantium quisquam autem ad nihil. Fugiat reprehenderit perferendis ipsum cupiditate.', '33', 't', '8362', '2025-11-15 21:40:25', '2025-11-15 21:40:25');
INSERT INTO posts (id, title, content, user_id, published, view_count, created_at, updated_at) VALUES ('9', 'Deserunt quae sit nesciunt adipisci ab quo.', 'Commodi quaerat repudiandae voluptatem consequuntur. Repellendus minima sed quia beatae. Cum odit dolorem qui voluptates.\n\nCupiditate porro ut ad autem pariatur eius. Assumenda praesentium est pariatur et maxime minima.\n\nAut sint quibusdam debitis dolore hic aspernatur officia expedita. Harum enim rem et a quo qui. Itaque est in quam omnis.', '4', 't', '3239', '2025-09-19 03:46:47', '2025-09-19 03:46:47');
INSERT INTO posts (id, title, content, user_id, published, view_count, created_at, updated_at) VALUES ('10', 'Commodi eaque iusto fugiat.', 'Doloremque aut iusto quia aut autem. Sequi id qui consectetur laboriosam sint unde. Nulla quia non occaecati ea perspiciatis tenetur maiores. Fugiat sint sunt est qui recusandae.\n\nQuaerat rerum commodi odio consequatur. Vero quibusdam qui doloribus voluptatem incidunt eveniet vitae. Iste ea architecto voluptas sunt ut porro. Placeat repudiandae qui est odit qui ratione.\n\nExplicabo alias ipsum et commodi assumenda. Modi nam accusamus ut officia. Voluptatum non reprehenderit qui eum enim eius.\n\nAmet quas et est commodi tempore adipisci. Et minima omnis dicta veritatis. Et perferendis delectus dolores repellendus illum est.\n\nAut tempora quo ea. Totam voluptatum animi maiores quam ipsam consequatur. Eos sed quasi et et ipsum culpa necessitatibus facere.', '1', 't', '4132', '2025-06-03 09:30:26', '2025-06-03 09:30:26');
INSERT INTO posts (id, title, content, user_id, published, view_count, created_at, updated_at) VALUES ('19', 'Repellat sunt aut sit.', 'Eveniet ipsa praesentium corrupti impedit doloremque accusamus ex. Eum ut hic deleniti dolores. Blanditiis eum autem nihil perspiciatis. Itaque velit porro eum quasi cumque qui perspiciatis.\n\nVoluptate exercitationem nihil temporibus possimus reprehenderit. Quia expedita sit tempora dolorem distinctio quae excepturi. Dignissimos quod est magnam dolore debitis enim fugit. Nam sequi rerum delectus porro et delectus quis distinctio.\n\nQuis quo nam aut sit officia. Explicabo aperiam nisi debitis eveniet beatae illum.\n\nTotam ut alias placeat dolorum. Omnis dignissimos veritatis maiores voluptates quibusdam rerum veritatis voluptatem. Natus similique id sequi cumque voluptatem quo. Vitae fugiat cumque maxime et odit eligendi et doloribus.', '37', 't', '7349', '2025-01-18 17:35:56', '2025-01-18 17:35:56');
INSERT INTO posts (id, title, content, user_id, published, view_count, created_at, updated_at) VALUES ('11', 'Sequi consequatur voluptas et quibusdam.', 'In voluptatem illum fuga quae nemo repudiandae nobis. Nemo esse ut quae beatae aut aut. Cum asperiores voluptas non neque quo omnis. Laudantium est sed iusto eos.\n\nAliquid aperiam in iusto facere ut. Laudantium labore dolorum quae inventore ducimus. Ad eum molestiae quia. Perspiciatis qui iste minus.\n\nDebitis ea esse deserunt corporis sit. Esse quisquam non rerum. Suscipit voluptatem consequatur eos nemo temporibus ipsam et facere. Officiis quasi et et qui aut soluta omnis.\n\nDignissimos sit incidunt eligendi debitis odio dicta voluptatem natus. Ut deleniti ab ut sed et. Eius maxime dolores tempore dolores delectus cum.\n\nDebitis repellat qui voluptas repellendus eligendi est eos. Quis nihil occaecati molestiae et temporibus explicabo. Et omnis ut temporibus sint eveniet. Dolore perferendis nulla omnis consequatur omnis fugit omnis. Repellendus officiis quis assumenda tenetur.', '22', 'f', '8285', '2024-12-05 12:49:52', '2024-12-05 12:49:52');
INSERT INTO posts (id, title, content, user_id, published, view_count, created_at, updated_at) VALUES ('12', 'Earum ea magnam dolor quibusdam dolores eius.', 'Est molestiae ipsam sed. Nisi accusamus animi dolor eius quidem. Voluptatem est optio blanditiis excepturi. Consequatur animi laborum ut nemo consequatur qui.\n\nFugit et eos repudiandae saepe quam ut nihil. Inventore voluptatem aperiam impedit rerum magni qui voluptate nisi. Error quia voluptatem atque minus libero vero autem. Aliquam repellendus repellat aut neque laborum rem dolores.\n\nVoluptatem occaecati eum autem et delectus et at. Ut et sit exercitationem veritatis. Eligendi saepe debitis quisquam quibusdam impedit et quis. Alias tempore quos facere fugit voluptas nihil rerum.\n\nQuia ut voluptas officiis. Id minus quia vero est commodi voluptas. Reprehenderit magni dicta eaque officiis.', '17', 'f', '6158', '2025-07-31 10:09:12', '2025-07-31 10:09:12');
INSERT INTO posts (id, title, content, user_id, published, view_count, created_at, updated_at) VALUES ('13', 'Tenetur iusto aut quia assumenda aut eum.', 'Suscipit optio adipisci et et voluptas est. Voluptatibus quidem unde non repellendus maiores.\n\nFugit consectetur qui mollitia maxime nihil eaque. Ut harum voluptate nesciunt in.\n\nEa hic voluptas et et. Consectetur iusto qui perferendis ratione deserunt sint. Dolore dicta voluptas magni. Soluta harum qui totam dolorem.\n\nNisi cupiditate et ex dolor. Ut et laboriosam porro aut. Est velit eum veritatis a eum omnis. Et eligendi dignissimos quod.\n\nRem quia similique rerum explicabo id commodi. Explicabo aut et alias vel. Dolores saepe sapiente quidem molestiae. Et rem velit modi ipsa enim iure. Odio autem fugiat voluptatum.', '34', 't', '9405', '2025-01-31 13:51:54', '2025-01-31 13:51:54');
INSERT INTO posts (id, title, content, user_id, published, view_count, created_at, updated_at) VALUES ('14', 'Nihil commodi.', 'Quae eaque est voluptatem eos et. Similique porro inventore alias debitis ut nam id. Praesentium expedita animi perspiciatis.\n\nSit recusandae nobis maxime quae temporibus adipisci quos. Expedita quia iusto dolorem nemo dolorem quod. Velit accusantium repudiandae excepturi totam quod ea officia dignissimos. Accusantium consectetur vel doloribus ratione.\n\nAmet et consequatur eaque nihil. Non aut cumque exercitationem repellat. Mollitia vitae deserunt voluptas non sed omnis enim. Error reprehenderit molestias et quia vero. Ut est et fuga temporibus.\n\nNemo occaecati saepe amet eos. Velit dolores autem fugiat velit dolorem. In qui facere ipsum velit deleniti qui dolore.', '6', 't', '4834', '2025-09-02 00:15:09', '2025-09-02 00:15:09');
INSERT INTO posts (id, title, content, user_id, published, view_count, created_at, updated_at) VALUES ('15', 'Repudiandae hic autem incidunt quo eum.', 'Fugiat facilis veniam facere mollitia. Accusamus quae asperiores voluptatum qui error dolorum. Qui enim sed voluptatem quas ut.\n\nUnde sunt ut quia rerum enim rem reiciendis. Mollitia harum voluptatem accusamus pariatur autem.\n\nEt sapiente eos ab sit est. Vero non beatae laborum eos iure officiis pariatur. Odit voluptatibus quaerat eum est. Occaecati suscipit aliquam voluptas quia.\n\nPerspiciatis enim corporis dolorum molestiae autem dolore delectus. Qui iusto qui nobis quam illo explicabo. Modi veniam assumenda occaecati odit assumenda consectetur perspiciatis. Blanditiis debitis incidunt earum est qui tempora.', '11', 't', '2434', '2025-11-15 12:29:58', '2025-11-15 12:29:58');
INSERT INTO posts (id, title, content, user_id, published, view_count, created_at, updated_at) VALUES ('16', 'Velit repellat corrupti labore et sint expedita dolorem incidunt.', 'Non a laboriosam enim ut. Blanditiis sunt sapiente rem omnis qui veritatis totam. Aliquam esse architecto ipsa vitae fuga. Repellat qui nesciunt nemo optio.\n\nEt quo dolorem qui sed deserunt laudantium beatae. Consequatur vitae cumque iure adipisci quo. Est facilis et dolores iste fugit quaerat et. Omnis praesentium veniam itaque fugit.\n\nCulpa aliquid impedit quo. Velit id voluptates eum rerum adipisci est. Sequi nisi dicta provident aut repellendus eveniet aut. Tenetur aut repudiandae non minima qui. Totam quo dolorum eos explicabo.\n\nA tempora nesciunt omnis repellendus labore repudiandae tempore molestiae. Quaerat sed non numquam dolor eum ut quam. Eos eaque ratione sint voluptatem nulla nisi.\n\nDolore sunt maxime ut eos vel odio. Quia esse fugit minima cum voluptas saepe qui. Dolores ut quae tempore et voluptatem.\n\nPerspiciatis ut eum necessitatibus qui harum quae. Id deleniti enim repellat minus quo doloremque. Dolorum dignissimos quam et repellat ab non. Voluptatem omnis facere ut eos vitae est.', '16', 't', '1635', '2025-03-29 22:28:16', '2025-03-29 22:28:16');
INSERT INTO posts (id, title, content, user_id, published, view_count, created_at, updated_at) VALUES ('17', 'Pariatur adipisci ducimus assumenda sed.', 'Tenetur blanditiis ea vel quam quas in expedita. Eum laudantium optio consequuntur. Vitae exercitationem sint autem dolorem saepe quaerat nulla sint. Laboriosam officia sed architecto et nam et accusamus qui.\n\nSed repellendus fuga ea eum velit illum omnis. Ratione quo voluptatum consectetur deleniti. Dignissimos quibusdam eum quisquam aut nulla odio. Odio eos eum similique voluptas aliquid.\n\nUnde voluptas qui aliquid dolor suscipit laudantium. Voluptas minus aut facilis et voluptatibus et nisi. Exercitationem nemo qui aspernatur recusandae occaecati.\n\nEst et ea quas dolor. Omnis aperiam nihil illum voluptatem a tempora facilis. Facilis eligendi et beatae error.\n\nNesciunt autem expedita eius placeat. Culpa et tempora autem. Dolore iste autem velit eum.\n\nIste enim rerum delectus minus. Eveniet maxime cum laudantium nihil dolore doloribus. Qui esse ipsa consequatur eaque nihil praesentium. Ducimus repudiandae consequuntur nesciunt dolore et commodi consequatur.', '13', 't', '4074', '2025-04-04 21:44:39', '2025-04-04 21:44:39');
INSERT INTO posts (id, title, content, user_id, published, view_count, created_at, updated_at) VALUES ('18', 'Velit recusandae ipsam quisquam et tempore.', 'Non deleniti et quisquam harum sit. Modi est consequatur dolor voluptatibus facere a velit. Voluptatem aliquid vel voluptatem dicta omnis maxime aut. Excepturi qui consectetur iste ex rerum delectus.\n\nEst eveniet explicabo nisi dicta. Et voluptatum perferendis eum blanditiis esse et pariatur. Sunt magnam voluptatem et et cum repellendus autem.\n\nQui et tempora dicta distinctio libero aperiam. Illum necessitatibus explicabo porro. Recusandae eaque exercitationem qui aut itaque. Iure facere optio quis nam consectetur labore autem dolorem. Id error libero velit et consequuntur vel.\n\nAliquam expedita sed vel. Sapiente consequatur esse illum nisi esse.\n\nNatus veritatis facere molestiae et eum quaerat possimus. Quidem qui soluta quo iusto. Ratione rerum voluptatibus aliquid sunt qui cumque. Est et nostrum aut velit ut ipsam.\n\nConsequatur non corporis in quis. Exercitationem eos odio est placeat laborum occaecati quae. Eligendi vero reprehenderit et dolores laboriosam. Ut sapiente delectus cupiditate corporis.', '20', 't', '7119', '2025-02-18 18:07:29', '2025-02-18 18:07:29');
INSERT INTO posts (id, title, content, user_id, published, view_count, created_at, updated_at) VALUES ('138', 'Dicta adipisci et tempora.', 'Enim laborum eligendi porro veniam assumenda nulla. Aliquid ea omnis quidem deleniti. Vitae et unde commodi.\n\nNatus explicabo omnis est voluptatem. Ipsum praesentium magni et officiis facere voluptatibus explicabo mollitia. Quod doloremque vero cum minima a culpa.\n\nQui aut omnis exercitationem illum tenetur eum. Temporibus earum est assumenda excepturi amet. Repellendus et ipsam accusamus quo maxime.\n\nProvident quae nobis possimus nihil unde. Aut adipisci necessitatibus excepturi voluptates quas nulla non. Est ut aliquam non distinctio blanditiis recusandae.', '1', 'f', '5732', '2025-04-18 18:53:04', '2025-04-18 18:53:04');
INSERT INTO posts (id, title, content, user_id, published, view_count, created_at, updated_at) VALUES ('20', 'Commodi enim odit ut.', 'Aliquam sit quisquam animi quisquam sed perspiciatis. Dolorem officiis non eos excepturi debitis voluptatem. Totam est sit maxime nihil. Fugit culpa ut soluta dolorem adipisci sint.\n\nQui harum voluptatum ex minima unde qui. Aliquid magni labore aut. Repudiandae adipisci quod explicabo vero et.\n\nDolores sed inventore nesciunt voluptatem accusamus porro necessitatibus. Sunt illum repudiandae ipsam minus. Quod laborum quia ut voluptatem numquam et commodi. Deserunt sunt labore earum autem.\n\nVero explicabo minima sed nemo. Odio quidem voluptatum vero quod et.\n\nVoluptas corporis doloremque est modi. Assumenda dolor vero ipsum. Vel ea ratione consequatur et amet quo et necessitatibus. Fugit perspiciatis provident nisi consectetur quis similique quisquam. Aut doloremque nihil explicabo.\n\nEt deserunt est quo dolorem velit repellendus. Aut nihil ut distinctio excepturi. Laboriosam eum qui deleniti mollitia consequatur rerum. Quia eos at esse necessitatibus delectus error veniam rem.', '15', 'f', '9852', '2025-11-20 08:42:17', '2025-11-20 08:42:17');
INSERT INTO posts (id, title, content, user_id, published, view_count, created_at, updated_at) VALUES ('21', 'Rerum voluptates.', 'Suscipit odit harum quia dolores illo ut similique. Ut minima dolorem est ut eaque sed voluptatibus. Nisi vel maxime nemo eaque dolorem illum officiis.\n\nQuae et omnis consequuntur autem natus sapiente. Molestiae modi ratione explicabo aliquam. Ex sed nesciunt earum maiores officiis.\n\nDeserunt ipsum error ut et. Alias velit eligendi fugiat repellendus. Deserunt et sunt in ut.', '28', 't', '7518', '2025-08-20 08:54:05', '2025-08-20 08:54:05');
INSERT INTO posts (id, title, content, user_id, published, view_count, created_at, updated_at) VALUES ('22', 'Optio occaecati suscipit.', 'Vitae quasi velit nihil architecto. Incidunt magnam quis officia. Doloremque neque corrupti ducimus omnis. Et odit deleniti ut iure sunt consequuntur et inventore.\n\nPorro iusto reiciendis est voluptas nobis ullam nostrum. Explicabo dolorem omnis aut qui. Nam omnis officiis ullam officia alias ad excepturi delectus.\n\nIpsum minima dolore qui beatae corrupti. Rem eum qui quaerat ea cupiditate corrupti ut quis. Minus aut reiciendis sed. Ut corrupti minus laboriosam ut perferendis aut.', '22', 't', '7567', '2024-12-29 10:10:03', '2024-12-29 10:10:03');
INSERT INTO posts (id, title, content, user_id, published, view_count, created_at, updated_at) VALUES ('23', 'Numquam deserunt animi voluptas.', 'Ut facilis ut quisquam consectetur cum dolore. Nihil nisi eaque officia consequatur earum doloremque maiores. Libero repellat deleniti illo ut voluptatem ipsa et.\n\nUt non natus cupiditate suscipit ad odit modi. Possimus molestiae reiciendis minus eos ut. Aut distinctio suscipit culpa dolores. Animi natus ut quasi ratione et eum.\n\nTempora rerum totam corrupti ipsa quia commodi. Libero odio nihil quam magnam ut ut. Cupiditate magnam consequatur provident temporibus autem vel maiores. In quaerat a et veniam.\n\nQui sit minima delectus ea commodi sed. Ab incidunt voluptate labore. Officiis ipsa omnis voluptates repellendus.\n\nEum repellendus ut consequatur veritatis dicta. Voluptatem rerum ut quas excepturi consequatur. Dolore deleniti dignissimos voluptas.', '35', 't', '7072', '2025-01-08 10:43:55', '2025-01-08 10:43:55');
INSERT INTO posts (id, title, content, user_id, published, view_count, created_at, updated_at) VALUES ('24', 'Et reprehenderit odit sunt nihil.', 'Quasi sed non in et. Porro dolor eum magnam odio ipsam alias aliquid consequatur. Aut aut magnam et. Quasi similique distinctio dolorum sapiente quia et.\n\nQuae illo aspernatur doloremque. Expedita animi molestias numquam eos nemo.\n\nLaborum dolores animi officiis et est aspernatur omnis expedita. Pariatur minus culpa nobis qui tempora non qui. Autem illo omnis laborum ea quia magni earum. Dignissimos vitae dolorem at doloremque magni. Odio qui nihil possimus commodi at quaerat.', '42', 't', '974', '2025-06-07 08:59:16', '2025-06-07 08:59:16');
INSERT INTO posts (id, title, content, user_id, published, view_count, created_at, updated_at) VALUES ('25', 'Est ipsam in maiores odit voluptatem voluptatibus modi esse.', 'Dolores debitis est expedita enim dicta eum magni. Vel quia quis placeat velit sapiente. Autem aut velit eos ut ab.\n\nEt impedit distinctio est ratione quibusdam ratione. Dolore rerum et tempore velit vel. Ea autem voluptas non dolor qui consequuntur voluptatum. Et eaque magni dolorum qui dolor ut.\n\nSed omnis blanditiis porro a cum. Et voluptates officia culpa aut enim. Sit non rerum dolorem sunt culpa doloribus facere. Corporis qui molestiae est non in quia.\n\nRecusandae et quae sunt fuga. Incidunt eos maiores voluptatem amet et quia. Illum dolorem molestias nesciunt.', '18', 'f', '5345', '2025-04-18 04:14:43', '2025-04-18 04:14:43');
INSERT INTO posts (id, title, content, user_id, published, view_count, created_at, updated_at) VALUES ('26', 'Atque facilis ipsum.', 'Temporibus cumque reprehenderit enim provident magni aspernatur consectetur. Eligendi nesciunt labore animi molestias consequuntur neque sunt numquam. Ut assumenda nisi doloribus. Pariatur eveniet animi dolore deserunt reiciendis doloremque aut. Repellendus mollitia quidem minima cum doloremque unde laudantium qui.\n\nFuga porro ut culpa laborum doloribus aliquam. Nemo quas aperiam voluptatem tempore iste autem architecto. Ducimus aliquam nemo sed placeat illum.\n\nMollitia eius et similique delectus itaque asperiores. Et autem nulla quasi.\n\nVoluptatum sunt cupiditate cumque temporibus. Similique natus est dolor.\n\nDeleniti illo enim amet aut repellat aliquid sit. Non voluptate molestiae voluptatem qui et. Est aut nesciunt ut officiis quibusdam. Consequuntur voluptates quam debitis facilis ducimus mollitia corporis.', '22', 't', '6429', '2025-11-14 21:17:26', '2025-11-14 21:17:26');
INSERT INTO posts (id, title, content, user_id, published, view_count, created_at, updated_at) VALUES ('27', 'Minus excepturi qui sint explicabo id labore exercitationem.', 'Voluptas fugiat sunt et. In repudiandae repellat sed nostrum ad nihil. Est cumque id nemo voluptatibus reprehenderit dolore.\n\nLaborum dignissimos voluptas adipisci animi nihil. Quos qui excepturi asperiores sit. Quaerat distinctio id ullam modi omnis aliquam officia. Repellendus aliquam voluptatem ut nam perspiciatis quo unde amet.\n\nAmet officiis ad voluptate. Pariatur corporis necessitatibus qui fugiat repellat doloremque qui. Similique praesentium voluptas labore ut nemo.\n\nSed est tempore sint maxime aut laboriosam omnis. Et nobis commodi labore. Earum reprehenderit et dolorem quasi enim quisquam eos accusantium. Sint exercitationem qui qui nihil eaque.', '24', 't', '2261', '2025-05-15 04:25:01', '2025-05-15 04:25:01');
INSERT INTO posts (id, title, content, user_id, published, view_count, created_at, updated_at) VALUES ('28', 'Dolore quia soluta et est nesciunt.', 'Necessitatibus perferendis natus facilis voluptas omnis. Rerum qui saepe nihil velit. Nihil ipsa et hic magni ut nihil quia odit. Eligendi voluptas aliquam consequatur harum.\n\nDolorum voluptas quod voluptas modi et aperiam facilis. Suscipit officiis officiis dolore rem aliquam labore autem. Impedit tempora magni eveniet praesentium. Reprehenderit qui odit minima dolor enim sed.\n\nRem non enim non magni. Mollitia rerum magnam neque aut. Voluptatem in mollitia facilis et omnis.\n\nEos laborum quos non sunt quaerat. Possimus quam nulla nostrum quas. Minima rerum ipsam omnis libero et ex aspernatur.\n\nInventore sunt vitae non labore. Et amet placeat sint omnis excepturi ut. Error mollitia vel commodi quo occaecati qui maxime ullam.\n\nNatus est quas sed cupiditate a omnis unde dolor. Delectus quo et officia.', '13', 't', '6426', '2025-07-24 14:11:40', '2025-07-24 14:11:40');
INSERT INTO posts (id, title, content, user_id, published, view_count, created_at, updated_at) VALUES ('29', 'Rerum impedit ipsum veritatis sed quibusdam.', 'Est quisquam nesciunt reiciendis neque sed aut. Temporibus et quasi quis.\n\nInventore quia nihil assumenda eius ut. Deserunt eligendi rem sunt. Eaque quam dolores sit sit architecto maiores nulla. Earum eveniet sit ratione earum unde consequatur ut.\n\nMollitia tenetur et quas optio. Quis vel eligendi veniam ipsum et non minima. Velit praesentium expedita consequuntur quia culpa aut.\n\nSint aliquid modi eos velit. Molestias culpa quia corrupti et. Amet perspiciatis alias similique explicabo.', '17', 'f', '8254', '2025-08-06 09:58:52', '2025-08-06 09:58:52');
INSERT INTO posts (id, title, content, user_id, published, view_count, created_at, updated_at) VALUES ('30', 'Ex nesciunt ut et voluptas est.', 'Expedita enim consequatur commodi quae adipisci et. Ipsa tenetur amet quas quisquam vitae. Voluptatibus rem a omnis fugiat.\n\nRerum enim debitis vitae. Accusamus labore corrupti debitis autem nobis. Blanditiis reprehenderit mollitia temporibus. Voluptatem sit qui voluptatem non.\n\nNecessitatibus facilis est ex cumque in. Qui aut quia ipsa occaecati dicta et. Est sit qui nihil et in. Dolorem quasi qui porro hic.', '19', 't', '9041', '2025-07-30 19:57:18', '2025-07-30 19:57:18');
INSERT INTO posts (id, title, content, user_id, published, view_count, created_at, updated_at) VALUES ('31', 'Illum maiores sint voluptas deserunt.', 'Error dolore qui maxime. Nobis vero sint facilis omnis eaque expedita. Minima odit voluptatem rerum accusamus enim. Eum voluptas laborum quod magni et dolore. Ut et impedit accusantium consequuntur.\n\nIusto ab quis perferendis sapiente suscipit. Iure enim quam odit optio dolorem voluptas. Explicabo atque corrupti quo et nesciunt vel. Occaecati reprehenderit quis doloremque aut.\n\nVelit tenetur enim sed. Non qui neque maiores non. Illo eligendi vel tenetur sint.\n\nCum necessitatibus pariatur dolorem voluptas eaque et. Perspiciatis esse enim velit. Magnam corporis omnis consequuntur dolores ipsum explicabo dolorem. Mollitia quaerat qui dolorum expedita libero aut ut. Nihil et aut ut.', '44', 't', '2684', '2025-02-04 06:22:41', '2025-02-04 06:22:41');
INSERT INTO posts (id, title, content, user_id, published, view_count, created_at, updated_at) VALUES ('32', 'Mollitia deserunt quia.', 'Maiores debitis quas sit vero est voluptas. Sed quia nesciunt dolorem sit sed eum quis. Est voluptatibus dignissimos reiciendis quaerat ut. Dolor reiciendis sint dolor sint dolorum aut ab.\n\nQuos saepe et eum eius. Eum quisquam vero quasi eaque voluptas. Quas laudantium iusto deleniti rerum. Eaque non alias et sint reprehenderit aut.\n\nAsperiores eius distinctio aspernatur suscipit ad similique. Maxime nemo culpa perferendis eaque maiores dicta. Culpa nesciunt sed nobis rerum ea accusamus et ut. Odio tempora non voluptas consequatur. Voluptate et consectetur et rem quia.\n\nDicta doloribus vitae quia nemo hic neque autem. Officia aliquid voluptatem dolores numquam consequatur. Dolore blanditiis ut dolor voluptas ex aut enim. Voluptatem occaecati ut mollitia enim autem.\n\nConsequatur dolorum est facere hic deleniti. Quae repudiandae voluptas sit aut non sit natus voluptatem. Explicabo ab et nihil nisi earum et praesentium. Ut voluptatem nostrum possimus aliquid itaque.\n\nTempora ut in repellendus ut. Nisi quisquam et nemo debitis veritatis. Est aut corrupti eligendi est. Natus accusantium ratione sint aut. Cum ut eveniet quia vel nemo veritatis.', '4', 't', '3035', '2025-10-26 10:05:29', '2025-10-26 10:05:29');
INSERT INTO posts (id, title, content, user_id, published, view_count, created_at, updated_at) VALUES ('33', 'Est modi modi incidunt excepturi omnis.', 'Sed dignissimos aut molestiae dolore ratione quo corrupti. Sint corrupti facere dolore voluptatem repudiandae culpa fugiat velit. Molestiae quas adipisci enim voluptatum. Omnis culpa numquam odio deleniti ut saepe voluptas.\n\nVel ad reprehenderit et quam expedita. Id qui commodi occaecati hic.\n\nEos enim dolorem qui et. Vel repellat voluptatibus eaque sit. Vero cumque officiis laboriosam quos consequuntur. Nostrum omnis autem porro aperiam animi sapiente blanditiis.\n\nReiciendis voluptatem exercitationem nesciunt nemo. Voluptatem aut maxime aut aliquid quo et. Quae eius odit necessitatibus repellat ducimus architecto. Dignissimos quam tempore consectetur ab nemo qui perferendis.\n\nIpsam rem assumenda nemo. Molestiae voluptatem minima beatae. Quia molestiae modi officiis dolor.\n\nFugit amet nemo quia voluptate nisi. Omnis error dolore quis. Nesciunt labore ut ipsam labore molestiae aperiam. Suscipit ut corporis vel optio voluptatem accusantium id.', '10', 't', '6951', '2025-04-14 23:30:19', '2025-04-14 23:30:19');
INSERT INTO posts (id, title, content, user_id, published, view_count, created_at, updated_at) VALUES ('34', 'Pariatur omnis fugit vero aut eos.', 'Cum aspernatur et doloremque aut voluptatem. Aut beatae unde dolorum eius saepe sunt molestias. Voluptatem voluptas asperiores aut exercitationem nobis cumque autem. Minus non ut velit architecto sit tenetur. Et asperiores magni molestiae officiis.\n\nEos occaecati ducimus error aut qui quasi dolor. Minus dolor odio quibusdam quia rerum neque autem. Sed itaque cumque consequatur. Labore mollitia neque id aut delectus et voluptatum in. Quis enim provident voluptatem esse in.\n\nAb repellendus quibusdam ab nobis. Amet atque nostrum ut veniam repellendus velit. Et sed corporis animi est quibusdam in.\n\nAspernatur labore aut quis officia facilis. Vel sed illo at voluptatem et voluptate non. Rerum repellat autem rerum.\n\nEst velit quidem non consequatur temporibus omnis ipsam. Voluptas ut rerum voluptate eos.\n\nIllum quasi deserunt molestiae quas et nobis sunt. Expedita odit omnis animi impedit iure.', '10', 't', '8287', '2025-07-13 09:06:16', '2025-07-13 09:06:16');
INSERT INTO posts (id, title, content, user_id, published, view_count, created_at, updated_at) VALUES ('35', 'Dolorem quia dolorum distinctio eos aut quisquam.', 'Quis consectetur corporis quia maiores ullam. Ipsa doloremque ratione nihil velit occaecati. Et et ut sint culpa suscipit qui quis.\n\nVoluptas ut expedita non. Perspiciatis similique expedita in quo animi magnam assumenda. Nesciunt ut eos dolorem. Officiis tempore sit aspernatur. Eos aliquid ipsum blanditiis rem accusantium.\n\nIste mollitia ipsam quia nisi vitae sed. Sapiente voluptatum quia rem dicta quia sit. Facilis aut non delectus ipsa soluta aut odio saepe.\n\nSint exercitationem laborum fugiat quo distinctio est nobis. Sunt praesentium perspiciatis eligendi molestias odio qui. Aspernatur temporibus possimus ducimus est optio sint dolorum repellat. Id nostrum repellendus enim quos.\n\nIn ab impedit reiciendis assumenda voluptatem temporibus. Iste ab sint aut ipsum soluta maiores quia.\n\nOdit nihil sunt error pariatur odio. Odit eveniet voluptas animi dolorem dolorem dolores officiis.', '36', 't', '137', '2025-07-15 03:14:28', '2025-07-15 03:14:28');
INSERT INTO posts (id, title, content, user_id, published, view_count, created_at, updated_at) VALUES ('36', 'Occaecati harum ipsam aspernatur dolor cum nisi.', 'Vero non quos nihil corporis ut. Accusantium aut aut est rerum ut soluta ducimus. Animi voluptas odit voluptatibus est vitae.\n\nAspernatur assumenda fugiat ut quae voluptas earum laudantium. Consequuntur id quia repellat iusto voluptas. Non sit est sed non.\n\nVeniam et aliquam magni nobis in deleniti. Harum dolore praesentium maxime impedit. Commodi sequi esse eveniet explicabo veritatis facilis ipsa.\n\nSed aut quia eius aut. Et est earum ex iusto omnis optio. Dolore saepe ratione cumque repellendus incidunt. Dicta deleniti necessitatibus numquam dolorem.\n\nDistinctio magni voluptates sequi ipsum. Ut numquam est cupiditate voluptas. Voluptatem impedit delectus blanditiis velit.', '15', 't', '7646', '2025-08-06 10:37:24', '2025-08-06 10:37:24');
INSERT INTO posts (id, title, content, user_id, published, view_count, created_at, updated_at) VALUES ('37', 'Ut aut autem doloremque.', 'Pariatur sapiente ipsam ex doloribus. Voluptas praesentium necessitatibus quidem possimus quasi saepe eos. Veniam doloremque aperiam earum illum.\n\nLabore accusantium at vero maxime. Sed tenetur sunt quasi quas nobis temporibus cumque quo. Soluta distinctio perferendis ipsam voluptatem ullam.\n\nQuidem provident esse ea iusto. Nesciunt veritatis aut sed in quibusdam harum hic laborum. Ipsum quibusdam in quia dicta. Quo odio molestiae fuga nesciunt.\n\nSequi ipsa quis cumque exercitationem qui sed aliquid. Facilis earum deleniti et. Quidem alias modi qui quasi.', '18', 'f', '778', '2025-06-03 00:21:57', '2025-06-03 00:21:57');
INSERT INTO posts (id, title, content, user_id, published, view_count, created_at, updated_at) VALUES ('38', 'Sequi porro consequatur sunt reprehenderit velit nisi.', 'Necessitatibus dolorum quo odio neque. Dolor cupiditate minus repudiandae neque in sequi in sit. Veniam voluptatem in omnis sit rerum et.\n\nQui eum nihil atque tempore. Cumque dolorem cum alias odio. Rerum qui rerum ea magni temporibus doloremque occaecati consequatur. Voluptatum quis necessitatibus repellendus praesentium. Rem non perspiciatis asperiores sed reprehenderit.\n\nExpedita dolorem voluptas omnis excepturi. Omnis aliquid unde quia libero impedit. Molestiae laborum similique ut autem harum.', '8', 't', '1961', '2025-03-09 04:45:01', '2025-03-09 04:45:01');
INSERT INTO posts (id, title, content, user_id, published, view_count, created_at, updated_at) VALUES ('86', 'Corrupti nesciunt molestiae eum accusantium dolores voluptatum eveniet consequatur.', 'Repellat possimus est et ab voluptatem. Unde odio ullam ad repellat. Accusantium voluptas reprehenderit blanditiis officiis id nobis. Fugiat molestias non quia voluptatem.\n\nNobis ratione perferendis praesentium quia earum veritatis eum. Pariatur quae dolore in repellat cum. Voluptates recusandae repellendus neque reprehenderit minus. Totam ut asperiores modi quidem corporis.\n\nMaiores cupiditate quas dolor est voluptatum quia vel beatae. Quia rerum consectetur repellat et quia dignissimos soluta. Est molestiae ex ut fugit molestiae sed eos.\n\nAut qui rerum quidem soluta illum saepe aut sequi. Est quo iste ipsum voluptatibus. Ullam suscipit est velit.', '3', 'f', '2096', '2025-10-07 15:23:23', '2025-10-07 15:23:23');
INSERT INTO posts (id, title, content, user_id, published, view_count, created_at, updated_at) VALUES ('39', 'Dolore reiciendis consequatur voluptate quasi officiis explicabo voluptatem.', 'Saepe soluta quia harum sit dicta accusamus. Temporibus excepturi illo aut nihil voluptas. Perferendis dolorum laborum adipisci voluptatem voluptas sapiente. Aut soluta qui molestiae non rerum est provident fuga. Et natus omnis enim qui quo aut.\n\nNam rerum tempora dolore eos molestiae corporis. Voluptas aperiam dignissimos eum dolorem et qui. Placeat mollitia voluptatibus et provident suscipit. Recusandae ipsam necessitatibus ut quo commodi.\n\nMagni dolores aut vel et. Aspernatur esse fugiat consequatur ipsa quis esse. Placeat mollitia vel rerum qui tempore perferendis et.\n\nReiciendis nobis numquam sit. Dolor animi repellendus voluptatem reprehenderit aut.\n\nAut hic iure pariatur voluptates rerum. Voluptas in soluta voluptatem eos. Ab enim asperiores illum ducimus culpa. In assumenda quo enim consequatur porro debitis.', '28', 't', '8182', '2025-04-23 14:39:24', '2025-04-23 14:39:24');
INSERT INTO posts (id, title, content, user_id, published, view_count, created_at, updated_at) VALUES ('40', 'Fuga velit soluta et.', 'Et placeat omnis et quod a sit. Quam occaecati qui at tenetur nemo. Ipsam aut repellat omnis dolor ea.\n\nEt enim qui et mollitia. Laudantium in ullam nobis doloremque cumque.\n\nQuis error vel aut ullam voluptates. Recusandae rerum qui nam quo. Aut est nihil qui et aut eligendi.', '42', 't', '5365', '2024-12-11 06:22:55', '2024-12-11 06:22:55');
INSERT INTO posts (id, title, content, user_id, published, view_count, created_at, updated_at) VALUES ('41', 'Quo ipsum modi.', 'Nemo deserunt adipisci accusamus. Id quasi aut harum autem. Illo molestiae perspiciatis quod.\n\nAssumenda illum rerum rerum beatae. Inventore quia quas veniam corporis autem officia quisquam. Aut explicabo assumenda sequi qui.\n\nAssumenda qui ut dicta placeat aut voluptatem culpa corporis. Sed quibusdam et blanditiis nihil laboriosam itaque. Voluptas ratione nihil quos.\n\nRerum dolores ex consequatur repellat expedita. Sed molestiae explicabo consequatur consequatur suscipit sunt incidunt.\n\nCorporis exercitationem dolores impedit officia odit voluptatem. Ducimus doloribus possimus quae consequatur molestias et. Amet occaecati officia eaque et. Labore reprehenderit accusantium iure qui reprehenderit ut ea. Sit nostrum velit officia occaecati modi consequatur.\n\nDolorem reiciendis excepturi maiores consequuntur molestiae atque. Porro quam accusantium veritatis. Ducimus consequatur ipsum error sint rerum saepe eligendi.', '18', 't', '7475', '2025-05-01 07:38:08', '2025-05-01 07:38:08');
INSERT INTO posts (id, title, content, user_id, published, view_count, created_at, updated_at) VALUES ('42', 'Quam aperiam dignissimos ratione non commodi non inventore.', 'Atque nihil cumque accusantium velit. Eligendi neque consequatur sint incidunt. Delectus ullam earum quam voluptatem perspiciatis voluptatem.\n\nOdio soluta quis quis aut et non. Sit excepturi quia dolorem est voluptate nemo. Provident dolores rerum vero ipsam. Dignissimos non magni nisi aut nam ab.\n\nAmet laudantium quis voluptatibus voluptas qui repellat. Rem ut ea quae sapiente dolorem aut. In voluptatem pariatur ratione fuga.\n\nAliquam unde sunt magni et cumque. Culpa repudiandae esse mollitia quam voluptates est. Consequuntur quam aperiam ullam consectetur eius. Corrupti voluptate quasi provident ut maiores ut.', '37', 'f', '590', '2025-07-07 16:59:01', '2025-07-07 16:59:01');
INSERT INTO posts (id, title, content, user_id, published, view_count, created_at, updated_at) VALUES ('43', 'Reprehenderit itaque ut ullam non sed.', 'Nesciunt mollitia dolorem iste. Ratione illo nobis debitis laboriosam fugiat.\n\nSit voluptatum rerum molestiae facere labore. Minus nihil voluptatibus blanditiis quia quod autem unde.\n\nEt dolores reiciendis facilis fuga aut et est. Ex soluta enim unde ut fugit. Maiores ut nisi aut est et nulla ipsam.\n\nAutem qui facilis et animi illo id quo id. Blanditiis tempore voluptates voluptatum rerum sequi et. Magnam magni tenetur occaecati optio. Asperiores cupiditate ipsum et dolores.\n\nExcepturi officia sit itaque molestiae voluptatem laudantium. Eveniet nihil est quia fugiat dolores aut. Quidem sed delectus veniam architecto vel non a. Architecto et quas est dolore.', '3', 'f', '1988', '2025-01-13 05:38:44', '2025-01-13 05:38:44');
INSERT INTO posts (id, title, content, user_id, published, view_count, created_at, updated_at) VALUES ('44', 'Iusto aut soluta.', 'Dicta eos suscipit neque voluptatibus nulla. Dolor iste nemo voluptas eum nulla. Voluptates officia vitae aut error natus iste.\n\nEt atque assumenda veniam doloribus sunt voluptatem et. Ipsa nobis ea magni sed esse vero. Quibusdam illum et laudantium eos voluptas laborum consequuntur. Eaque repellendus quae et ut qui quo.\n\nLaudantium quaerat eos vitae ab ad similique et. Mollitia quia error voluptatem hic quia dignissimos error. Est sit ipsa praesentium aspernatur recusandae quibusdam hic. Adipisci repudiandae nihil et.\n\nMolestias ea quas possimus cupiditate quos reiciendis. Enim et quidem reiciendis porro ducimus. Voluptatum aut omnis quia odio.', '16', 'f', '1967', '2025-05-25 23:24:37', '2025-05-25 23:24:37');
INSERT INTO posts (id, title, content, user_id, published, view_count, created_at, updated_at) VALUES ('45', 'Fugit debitis sed voluptatem aliquid dolore.', 'Nemo sapiente rem earum delectus quibusdam est inventore. Sunt et eum quis quia quae. Eaque cum placeat tenetur adipisci amet. Beatae quis quaerat provident inventore reprehenderit qui eos sunt. Voluptas ducimus officiis reprehenderit vel harum voluptas.\n\nAb adipisci aspernatur eum. Necessitatibus eveniet ut reprehenderit odit voluptatum perspiciatis et. Nisi voluptatem sapiente non consequuntur qui molestiae nam.\n\nIpsum eveniet culpa qui autem aperiam. Iste doloremque provident quasi et vel veritatis ea. Aut velit nobis ducimus rerum minus et quae.', '37', 'f', '908', '2025-03-09 14:26:58', '2025-03-09 14:26:58');
INSERT INTO posts (id, title, content, user_id, published, view_count, created_at, updated_at) VALUES ('46', 'Tenetur id soluta sed eius qui modi nostrum voluptas.', 'Molestias recusandae et enim culpa optio earum. Eveniet quia consequatur maiores nostrum accusantium suscipit. Dolor ea quis consequatur eveniet qui aut quam. Qui sapiente ullam expedita fuga in ullam. Necessitatibus quas repellat officiis et nesciunt fugit ducimus.\n\nNisi voluptatibus eligendi reprehenderit sapiente ut. Nam delectus nihil itaque a eius. Mollitia magnam voluptatibus ad est sunt mollitia deserunt. Aut velit aperiam eveniet omnis odit.\n\nDoloremque et aut molestiae dignissimos architecto aut deleniti. Nostrum enim voluptate iste sit possimus. Recusandae ab voluptatem in voluptas. Consequatur earum omnis ut magnam commodi. Quo voluptatem et aut voluptatem.', '28', 'f', '8838', '2025-01-18 23:39:39', '2025-01-18 23:39:39');
INSERT INTO posts (id, title, content, user_id, published, view_count, created_at, updated_at) VALUES ('47', 'Voluptas delectus officiis expedita.', 'Dolorum sit molestiae a consequuntur. Cumque voluptas ex ut ut delectus suscipit est. Dolores ea accusamus non consequatur qui provident. Consectetur dolor ut mollitia atque illum.\n\nUt molestiae ducimus et voluptatem laborum id. Nihil animi nihil quam voluptatum quia enim quae quae. Quas ullam sint blanditiis odio quia exercitationem ut.\n\nCulpa consequatur libero sunt aut omnis nihil. Fuga ratione occaecati enim optio nihil hic. Praesentium quidem nostrum eaque exercitationem voluptatem iure officiis. Est ut qui nostrum est ut.\n\nDolor facere aspernatur modi. Ut iste officiis porro non. Ut itaque vel quia voluptatem. Omnis debitis assumenda velit odit quam.\n\nQuisquam officiis iste consequuntur id. Aliquam quaerat molestiae aut enim sint aut labore. Nulla velit et maxime ullam. Cupiditate est laborum nulla beatae perferendis mollitia nam.\n\nQuibusdam voluptatum quis distinctio ratione eaque voluptatem. Deserunt explicabo aspernatur nostrum itaque odio rerum quidem. Repudiandae in veniam porro voluptatem dicta repellat. Nihil voluptate nobis id sint tempora voluptatum.', '8', 't', '8367', '2025-07-14 08:21:37', '2025-07-14 08:21:37');
INSERT INTO posts (id, title, content, user_id, published, view_count, created_at, updated_at) VALUES ('87', 'Consequuntur aut et quia assumenda quis commodi non possimus illum.', 'Minima sit nisi quam eligendi omnis in repellat iusto. Facilis eos sint architecto dolores impedit culpa.\n\nAdipisci commodi est deserunt eos quia necessitatibus saepe. Optio consequatur illum aut aut ducimus architecto. Saepe veniam sed consequatur rerum ut et. Quod iure voluptatem adipisci consequatur consequuntur. Laudantium voluptas est enim nesciunt non.\n\nDucimus dignissimos non sunt totam accusantium rerum tenetur. Consequuntur quam iusto natus laboriosam vel facere. Non reiciendis autem consequatur accusantium. Ex fugiat deserunt nisi recusandae voluptate.', '23', 't', '12', '2025-06-26 22:28:26', '2025-06-26 22:28:26');
INSERT INTO posts (id, title, content, user_id, published, view_count, created_at, updated_at) VALUES ('48', 'Cumque quia ratione.', 'Natus quaerat sit rerum sint accusamus ut. Error provident voluptatum aut. Ea magnam quidem quae vero iure quas.\n\nRecusandae assumenda animi quo omnis vel ipsa. Quia dolor dolores at fugit nihil incidunt nemo. Doloribus optio voluptas vitae saepe porro iure eveniet molestias.\n\nSed labore omnis ipsam corporis molestiae omnis. Illo facere dolores aliquam id beatae rerum nihil. Qui nesciunt accusantium qui temporibus quia natus vitae.\n\nQuis sint doloremque dolorum voluptatem sed. Cumque repudiandae amet a. Qui autem quisquam est rerum ratione sunt non.\n\nEx est itaque sed placeat nesciunt neque. Facilis nemo natus facilis qui nostrum est. Fugiat ratione a id dolorem ut velit earum officiis.\n\nNihil aut ut omnis qui. Accusamus enim cumque repellendus consequatur vero. Officia consectetur illo numquam.', '14', 'f', '8550', '2025-04-05 06:19:49', '2025-04-05 06:19:49');
INSERT INTO posts (id, title, content, user_id, published, view_count, created_at, updated_at) VALUES ('49', 'Autem eum tempora quia voluptatem quos cum nihil.', 'Dolores numquam adipisci eum nesciunt id. Aperiam sed iusto aliquid odio. Sed deserunt id soluta voluptas rerum ut.\n\nSaepe in quam dolores aut consequatur. Dolorem atque dignissimos mollitia tenetur odit mollitia est eum. Earum facilis dolore asperiores et minima ut. Tempora veritatis quos debitis reprehenderit officiis illo alias eaque.\n\nCorrupti consequuntur quam debitis molestiae amet ea. Aut possimus minima enim rerum aut. Recusandae veritatis culpa deserunt rerum aut dolorem iste ipsa. Dolorem sunt at temporibus voluptatibus sed consectetur quis.\n\nCumque temporibus nesciunt fugit repudiandae voluptas sint ipsum accusamus. Vero nemo neque quas voluptas. Cupiditate aut dolorem quisquam quasi nulla voluptates.\n\nSed dolorem modi corporis mollitia aut sit explicabo. Expedita adipisci minima minima illo quod facere. Voluptatibus quo natus eius facilis.\n\nQuo quo sint hic et sunt non. In sit nihil non quidem quis aut a unde. Magnam in qui iure molestiae.', '9', 'f', '9817', '2025-05-20 13:57:40', '2025-05-20 13:57:40');
INSERT INTO posts (id, title, content, user_id, published, view_count, created_at, updated_at) VALUES ('50', 'Ab nihil et ipsam.', 'Quae illo omnis eaque soluta aperiam et eligendi. Accusamus soluta et rerum fugiat esse ut.\n\nVel quae eos sed autem asperiores ad quos minus. Id occaecati pariatur aperiam rerum officia est. Rem voluptatem unde aliquid alias.\n\nVoluptatibus minus earum et qui. In est vitae tempore quae. Vel temporibus qui aut reiciendis. Totam ut animi porro accusantium ratione facere.', '44', 'f', '4021', '2025-08-19 18:00:01', '2025-08-19 18:00:01');
INSERT INTO posts (id, title, content, user_id, published, view_count, created_at, updated_at) VALUES ('51', 'Et temporibus velit dolor et.', 'Distinctio aut esse quae ullam soluta totam non veritatis. Quo praesentium in numquam qui voluptatem. Rerum repellat omnis labore molestiae ut. Et eos quae praesentium neque quam dolor.\n\nSequi aut libero neque tenetur velit assumenda est. Doloribus consequatur vel quia accusamus. Quia dolores qui amet rerum consequatur quam quia.\n\nEt quam et porro sed assumenda nobis. Est nostrum aut expedita maxime. Non incidunt qui esse.\n\nQuibusdam quis magnam sunt impedit vel dolorum et. Tempora laudantium quo qui hic. Voluptate dolor ea possimus pariatur in aspernatur. Quo est rerum mollitia nihil voluptatem aspernatur. Sunt odio dolorem beatae eius eaque aut voluptatem.\n\nAutem quo fuga asperiores. In ipsum voluptas dolorum sed maiores molestias dolore. Consequatur et quod numquam rerum voluptatem. Quasi laborum est doloremque id itaque.\n\nOccaecati sed et minima quia animi et et. Atque rerum temporibus architecto commodi est consequatur quisquam.', '21', 't', '5288', '2025-08-23 05:51:36', '2025-08-23 05:51:36');
INSERT INTO posts (id, title, content, user_id, published, view_count, created_at, updated_at) VALUES ('52', 'Voluptas est asperiores.', 'Fugit odio exercitationem iusto aspernatur magni perspiciatis sint. Iusto et fuga fuga aut quia expedita. Optio amet pariatur maxime molestiae. Omnis et sed dolorum mollitia.\n\nSit consectetur a saepe facere numquam esse rerum. Qui deleniti animi laboriosam explicabo magnam alias. Repellendus illum velit tempora beatae non molestiae. Laborum necessitatibus sit cum nihil voluptates.\n\nCumque accusamus magnam quos et. Laudantium ex corporis inventore assumenda ut eligendi. Odio quis reiciendis eum accusantium adipisci accusamus. Quae voluptas enim earum minima non et natus.\n\nRem id et et nihil suscipit quos doloribus magnam. Rem eligendi ea ut hic saepe. Repellat dolorem ea qui consequuntur neque tempora. Tempore debitis quia consectetur quia atque.\n\nEaque magni quia cumque nisi ipsam. Sint modi ea reiciendis ducimus consectetur. Rerum et earum laudantium aut.\n\nSunt molestiae repellendus voluptatem qui voluptatum facere sint. Eius consequatur numquam voluptate pariatur voluptatem vero. Animi facere est debitis. Molestias earum dolores sed totam et qui.', '10', 't', '1539', '2025-10-24 10:03:04', '2025-10-24 10:03:04');
INSERT INTO posts (id, title, content, user_id, published, view_count, created_at, updated_at) VALUES ('53', 'Sunt quod ut nulla.', 'Sit quas incidunt vel autem exercitationem repellat. Impedit debitis dolores et dolorem. Cupiditate corrupti quia et labore sed. Quia voluptas in incidunt magni.\n\nUt officia tenetur magni incidunt. Minima quidem harum officia tempora quasi tempore. Excepturi alias qui dolore unde sit sed dolorem dolores.\n\nEt facilis voluptas consequatur at autem quas earum. Quod totam assumenda impedit dolorem nulla. Distinctio autem voluptates sed amet ea et at autem. Iste doloremque porro quia aut enim cum officiis.\n\nAtque veniam accusantium quos et. Neque possimus eaque eum quia ea laboriosam. Laudantium fugiat molestiae et quia sed. Omnis atque odio id et ipsa.\n\nQuia voluptas itaque eum sed aut omnis. Iure unde molestiae enim. Ducimus quibusdam fuga nulla non vero et qui. Est non libero pariatur voluptatem debitis ratione unde deleniti.', '37', 't', '5932', '2025-03-08 03:23:34', '2025-03-08 03:23:34');
INSERT INTO posts (id, title, content, user_id, published, view_count, created_at, updated_at) VALUES ('54', 'Neque necessitatibus cupiditate assumenda repudiandae exercitationem.', 'Enim suscipit quisquam deleniti nihil fugiat est saepe nulla. Incidunt quam qui velit et. Excepturi labore fugiat aspernatur unde. Nulla animi suscipit dolorem nemo et.\n\nQui doloremque laborum illo. Quis et nesciunt esse dolorem. Incidunt eum eaque ratione aut ut similique. Numquam rerum nemo unde sit consequuntur tempore incidunt.\n\nAlias ex quia est. Quam tempora distinctio sapiente expedita harum numquam veniam. Est doloremque qui dolorem mollitia. Labore mollitia doloribus consequuntur consequatur quia.\n\nAlias eum magni iusto quia. Et quos et ipsam non aut. Harum culpa rerum sunt ut numquam ipsa explicabo odit.', '30', 't', '5429', '2024-12-17 03:33:23', '2024-12-17 03:33:23');
INSERT INTO posts (id, title, content, user_id, published, view_count, created_at, updated_at) VALUES ('55', 'Laudantium quaerat et ratione.', 'A a qui qui qui. Est quaerat maxime perferendis qui harum provident consequatur nam. Vero incidunt aut dolor voluptatem consectetur veniam corporis.\n\nVoluptatem quo illo neque tenetur. Cumque enim impedit odio reiciendis illum. Soluta rerum dolore rerum veniam voluptas libero. Aut dignissimos accusantium harum et ex quia.\n\nRepudiandae nulla eligendi quod aut. Voluptates voluptas unde odio ut alias aut voluptatibus. Porro doloremque distinctio tempore odit adipisci quos ab.\n\nIpsa dolores sint non voluptatem consequatur assumenda. Quos et mollitia assumenda doloribus voluptatem quaerat. Deleniti aperiam corrupti esse expedita doloribus aut velit doloremque. Perspiciatis et quia dolores consequuntur iste nihil omnis.', '43', 'f', '4001', '2025-08-18 19:46:39', '2025-08-18 19:46:39');
INSERT INTO posts (id, title, content, user_id, published, view_count, created_at, updated_at) VALUES ('65', 'Fugit earum.', 'Odio recusandae provident illum explicabo distinctio. Quia consequatur eos aut id. Et aperiam quisquam dolores quia. Possimus et voluptas eos velit voluptatibus.\n\nQuia deleniti tenetur reprehenderit ea. Illum aspernatur veniam aperiam et amet ullam. Qui sint debitis cum eum corrupti.\n\nDolore cum est adipisci quis. Minus quia nihil nulla ipsum eum. Ratione rerum expedita aperiam perspiciatis quia nihil consequatur vel. Voluptate placeat cumque cumque sit.\n\nMolestiae accusantium repellendus aut perferendis occaecati esse minima. Nihil labore sint fugit corrupti dolorum. Eum qui quia ea labore distinctio sapiente.\n\nConsequatur qui est voluptas consequuntur aut optio. Consequuntur reprehenderit fugiat esse voluptatem sit. Accusamus voluptatem provident est dignissimos enim ut. Consequatur tenetur qui rerum et non at perspiciatis.', '5', 'f', '3080', '2025-04-29 03:12:39', '2025-04-29 03:12:39');
INSERT INTO posts (id, title, content, user_id, published, view_count, created_at, updated_at) VALUES ('56', 'Qui est cum et ipsa non laboriosam odio.', 'Cumque accusantium voluptatem itaque nihil quasi. Vel enim est illum ratione in tenetur minus. Quasi quam odit enim animi. Odit cumque odit unde animi.\n\nUt eum saepe architecto officiis ullam vitae. Incidunt unde corporis unde quasi blanditiis dolores. Corporis cumque laborum perspiciatis nostrum provident nihil voluptatem quis. Voluptates animi sit nulla voluptatem iure est.\n\nNeque aut mollitia occaecati ut nostrum. Et id enim ipsum dolores.\n\nCorporis ea vel harum nesciunt ab adipisci ut. Consequuntur placeat similique ea tenetur nihil a qui dolor. Blanditiis reprehenderit blanditiis deleniti qui ut molestias ratione est.\n\nInventore voluptatum quasi cum hic natus labore qui cum. Perferendis debitis aliquid temporibus quo voluptas quo. Voluptatem molestias rerum eius doloremque debitis.\n\nIpsa sint officia laudantium earum laboriosam a rem et. Deserunt recusandae dolorem iusto aspernatur asperiores.', '30', 't', '1597', '2025-01-20 23:29:21', '2025-01-20 23:29:21');
INSERT INTO posts (id, title, content, user_id, published, view_count, created_at, updated_at) VALUES ('57', 'Facilis cum ut id.', 'Iusto impedit natus cumque dicta sed sed labore doloremque. Delectus quia adipisci nobis corrupti maxime consequuntur dolores enim. Hic sit illum non dolores. Dicta aut aspernatur expedita sed molestiae.\n\nSit sequi adipisci reiciendis. Placeat recusandae illo dolorem commodi rerum. Illo nisi doloremque aliquid consequatur veritatis. In ab rerum quibusdam vel minima aut.\n\nMolestias iusto natus et cum. Inventore eius quas saepe accusamus ducimus voluptatem rerum. Et ut pariatur doloremque laboriosam non ipsum. Consequatur nesciunt voluptas error quas.', '44', 'f', '2940', '2024-12-11 19:54:58', '2024-12-11 19:54:58');
INSERT INTO posts (id, title, content, user_id, published, view_count, created_at, updated_at) VALUES ('58', 'Quis voluptatem tempora soluta facere in autem sit.', 'Voluptas et aut odit reiciendis vel quasi repellat. Voluptatem fuga quaerat ratione repellendus. Quae expedita ea nemo velit ut sed quos. Natus qui voluptatem aut porro magnam.\n\nEius ut quae rerum ut sint est modi. Sapiente quas ea repudiandae consectetur corrupti.\n\nAd hic id perspiciatis dolores. Ipsa sed ipsam numquam et aut. Fuga aut repudiandae voluptatibus architecto sit placeat dolor. Magni voluptas repellendus eligendi deserunt.\n\nQuasi et dolores repudiandae non animi quia necessitatibus. Dicta itaque aliquam nulla. Omnis officia expedita quis eos iste sed. Quo ex iure hic.\n\nPariatur quis quia consequatur in occaecati. Non quas laudantium ut et at. Temporibus est quibusdam est aliquam temporibus. Quod et est eum commodi eos.', '26', 't', '2343', '2025-08-17 21:45:14', '2025-08-17 21:45:14');
INSERT INTO posts (id, title, content, user_id, published, view_count, created_at, updated_at) VALUES ('59', 'Sunt neque provident qui sunt qui.', 'Quis sit et maxime sint omnis facere. Sit nihil aut facere facilis itaque ut dolores. Reiciendis vel non deserunt sunt non quis iusto.\n\nHarum cupiditate quae corrupti voluptatum. Ullam velit officia maiores quia rerum provident nihil. Ipsa rem et molestiae unde doloremque nemo beatae. Ratione qui magnam placeat molestiae.\n\nPraesentium repudiandae impedit quo ut modi molestiae. Explicabo doloribus eius at voluptatem harum aut hic architecto. Ex eveniet est ut eum qui. Dolores aspernatur rerum quis quisquam hic.\n\nConsequatur velit quo ipsa eveniet rerum. Molestiae consequuntur cumque necessitatibus et quod. Ut sit aspernatur repellendus est odio sed. Et aut quis totam vel.\n\nSed omnis officiis repudiandae ratione voluptates quis minus. Voluptatem sequi nihil quaerat doloribus iste pariatur.\n\nConsequatur corporis qui voluptatem quibusdam. Sunt ullam qui atque quam. Quis enim suscipit error vel.', '16', 't', '1593', '2025-11-20 12:31:48', '2025-11-20 12:31:48');
INSERT INTO posts (id, title, content, user_id, published, view_count, created_at, updated_at) VALUES ('60', 'Omnis accusantium id nam quia rerum nam dolorem magni.', 'Commodi magni culpa quia. Laudantium aliquam optio voluptas. Est et nemo iure ipsam.\n\nMagnam praesentium mollitia libero et. Eum consectetur dolore saepe repellat consequatur incidunt in. Aut dolores voluptas dolor est. Vitae qui similique deserunt id labore.\n\nVoluptatum aut sint tempora at aliquid quidem enim. Qui ut excepturi est illum quibusdam aut. Tempore sunt fugit cupiditate aut impedit ea. Id nihil dolorem amet alias.', '36', 't', '8092', '2025-02-28 05:31:38', '2025-02-28 05:31:38');
INSERT INTO posts (id, title, content, user_id, published, view_count, created_at, updated_at) VALUES ('61', 'Libero est quam odio culpa.', 'Iusto voluptatem ducimus qui quo iste quod. Minima cum amet non qui dolorem consequatur corrupti dicta. Dicta vel quis tempora qui. Est quia incidunt enim iste.\n\nNobis quis eos quos nemo exercitationem. Sed autem voluptas iste qui accusantium officia. Omnis pariatur aspernatur repudiandae accusamus aut.\n\nQui vero non quisquam dolorem. Perferendis voluptas sed repellendus qui beatae. Nemo veniam sed temporibus corporis temporibus ut.\n\nEa nostrum ipsa eum adipisci. Aut quos quis quia animi eos qui ab itaque. Laudantium eveniet doloremque suscipit corrupti sit eius perferendis et.', '5', 't', '1653', '2025-08-06 13:30:54', '2025-08-06 13:30:54');
INSERT INTO posts (id, title, content, user_id, published, view_count, created_at, updated_at) VALUES ('62', 'Dolores quisquam voluptatum expedita.', 'Veniam maxime repudiandae velit distinctio et corrupti. Dolor et harum ut. Deserunt non quod voluptas est in. Corporis et ad expedita et. Alias tempora voluptatem deserunt error laboriosam rerum voluptatibus.\n\nRem quidem iure molestias. Facere praesentium sequi nemo.\n\nEnim explicabo itaque ea pariatur. Architecto autem vitae optio sequi. Eveniet consequatur quibusdam provident cumque. Vero enim tempora consectetur.\n\nDeserunt consectetur praesentium vel rerum blanditiis est magnam sapiente. Eum quae adipisci et inventore sint ea. Velit ipsum veniam tempore hic itaque soluta ullam.\n\nPorro qui occaecati vel facilis sint distinctio assumenda. Temporibus dolores dolorem natus. Qui quibusdam aut aliquid quas deleniti placeat quos necessitatibus. Aliquid debitis ipsa quaerat nam.', '2', 't', '8247', '2025-03-05 09:49:43', '2025-03-05 09:49:43');
INSERT INTO posts (id, title, content, user_id, published, view_count, created_at, updated_at) VALUES ('63', 'Aspernatur quo similique.', 'Est quod mollitia ducimus rerum ipsum. Ab sed quaerat voluptas est quasi. Ad atque voluptatem ducimus error. Recusandae ratione qui et consequuntur in fugit.\n\nIllo et repudiandae consectetur in incidunt temporibus. Quo in sequi sunt mollitia velit dignissimos dolorem. Quia molestias cupiditate dolorum.\n\nMolestias repellendus ratione itaque quia quia voluptatem. Expedita fugiat ipsam deleniti vitae earum praesentium. Molestias atque in sequi debitis quibusdam.\n\nVitae omnis omnis laudantium aut architecto velit accusantium. Itaque eos temporibus at incidunt est.\n\nVoluptas rerum molestiae aperiam enim architecto veniam. Iure debitis excepturi dolor omnis dolor. Et rerum incidunt assumenda sunt. Quia quia voluptas ab repudiandae autem placeat neque sit.', '11', 'f', '488', '2025-06-29 08:51:03', '2025-06-29 08:51:03');
INSERT INTO posts (id, title, content, user_id, published, view_count, created_at, updated_at) VALUES ('64', 'In perferendis accusantium.', 'Esse suscipit temporibus consequatur. Nesciunt sunt aspernatur animi cum velit cum quo.\n\nEaque molestiae itaque sequi dicta ea maxime ut. Accusamus doloribus recusandae sequi earum corrupti sunt. Laudantium earum molestias et ullam. Cum quos enim dolorum qui eum.\n\nQuia eligendi et nisi rerum voluptas tenetur. Harum facilis deleniti in dicta doloremque. Aut laudantium eos nam voluptatibus explicabo eligendi dolorem.\n\nMinus quos facere sit dolorum dolorem. Velit cupiditate cupiditate dolor fugit nobis. Quos harum et voluptatem quam.\n\nSaepe qui a repellendus voluptatibus. Alias qui est quis nesciunt distinctio id. Odit velit corrupti consequatur maiores assumenda. Maxime fuga eaque qui enim.', '34', 't', '1215', '2025-03-24 10:21:27', '2025-03-24 10:21:27');
INSERT INTO posts (id, title, content, user_id, published, view_count, created_at, updated_at) VALUES ('116', 'Atque reprehenderit nemo quod aliquid omnis laborum dolor et.', 'Voluptatem est ratione commodi sequi culpa at. Reprehenderit quidem explicabo ullam quam. Doloribus labore suscipit quas.\n\nCum et id tempore sapiente. Non voluptas voluptatem laudantium. Consequatur nam tempore ipsam. Debitis fugiat voluptatem quibusdam sint quo voluptatem.\n\nSint id ratione aperiam officiis quae et cupiditate. Nihil beatae commodi aperiam labore necessitatibus. Possimus harum ipsum amet vel blanditiis voluptatum accusantium. Numquam doloremque neque tempora possimus quo dignissimos sequi.', '30', 'f', '9366', '2024-12-04 01:12:16', '2024-12-04 01:12:16');
INSERT INTO posts (id, title, content, user_id, published, view_count, created_at, updated_at) VALUES ('66', 'Minima et reprehenderit aperiam minus iure vero sint.', 'Nesciunt ipsam maiores praesentium nobis id voluptas iste. Quisquam at perspiciatis architecto assumenda. Doloribus odit aut aut ex vel.\n\nVel cum aut hic dignissimos optio. Quia perspiciatis ut corporis sit minima sit. Quis enim expedita distinctio rem.\n\nAmet dolorem qui natus. Sit incidunt rerum ducimus. Assumenda sapiente et commodi accusamus ea qui sunt. Tempora aspernatur ut voluptatem ut repellendus.\n\nEst reprehenderit officiis enim laboriosam qui dignissimos eum. Excepturi voluptas qui quia aperiam id vitae possimus. Possimus impedit autem quia veniam laudantium.\n\nOdio ad necessitatibus error sunt. Error facere autem ut voluptatem non ea labore. Consequatur suscipit accusamus consequatur quibusdam. Quia doloribus dolorum tenetur molestiae.', '29', 't', '1353', '2024-12-18 22:05:02', '2024-12-18 22:05:02');
INSERT INTO posts (id, title, content, user_id, published, view_count, created_at, updated_at) VALUES ('67', 'Quibusdam sint minima voluptatem quia et.', 'Ut autem quia eius similique natus. Architecto itaque et vel et repellendus. Qui ut a quis voluptatem doloremque autem.\n\nConsectetur nobis accusamus aspernatur quam porro qui ullam. Eligendi ratione cum cum repudiandae saepe nemo. Quod et qui similique. Omnis nihil magnam ut distinctio qui eos consequatur.\n\nDolorum eius magni deleniti placeat. Nisi maxime dolores suscipit qui. Repellat non eos sapiente ea. Itaque cumque voluptatem quibusdam provident nihil laudantium consequuntur veritatis.\n\nExercitationem molestiae voluptas sequi a et occaecati. Quia non consequatur eaque nihil vitae. Excepturi ipsum occaecati laboriosam exercitationem.', '4', 't', '1303', '2025-01-16 11:43:46', '2025-01-16 11:43:46');
INSERT INTO posts (id, title, content, user_id, published, view_count, created_at, updated_at) VALUES ('68', 'Atque et.', 'Asperiores dicta in molestiae non. Deserunt consequatur autem aliquam eum quisquam quia nihil. Et et eum voluptas facere quae. Rem possimus est quas quia alias dolorum accusantium.\n\nQuia eos perferendis qui molestiae corrupti id. Eum a autem ab vitae rem illo itaque. Nostrum ut odio et ipsum porro et inventore omnis. Omnis quis similique et temporibus.\n\nHarum omnis vero quis rerum. Aperiam molestias exercitationem minima laudantium quia. Nesciunt iure nihil eveniet deserunt dolores. Aut vel eos aut omnis.\n\nEt enim ducimus quae reiciendis tempora blanditiis maiores commodi. Quisquam nobis itaque quisquam laudantium sed ratione quis ut. Tempora mollitia aut sed possimus ipsam est reprehenderit ad. Et unde quia odio aliquid ut soluta sunt et.', '39', 't', '4755', '2025-04-28 18:30:16', '2025-04-28 18:30:16');
INSERT INTO posts (id, title, content, user_id, published, view_count, created_at, updated_at) VALUES ('69', 'Accusantium iusto est voluptatem deserunt officiis.', 'Quidem qui est quo a asperiores maiores. Non itaque ipsa similique veniam omnis. Error reprehenderit deserunt sit maxime nulla doloribus minus. Dolores enim et laborum unde sint.\n\nReiciendis voluptates amet voluptatem quo eligendi enim earum. Labore vel veniam pariatur nulla error. Quis magnam aspernatur quas nobis quia tempora ea quod.\n\nDolor vero distinctio enim est reprehenderit molestias sed cupiditate. Id ea ducimus adipisci aperiam esse architecto corrupti. Reiciendis aspernatur reiciendis ut tempore quaerat soluta eaque. Dolor vero doloremque natus velit corporis vel.\n\nOptio sunt ut error fugit. Quam et sunt illo odit reprehenderit eius et. Quaerat consectetur totam qui quis quia quisquam.\n\nId quae exercitationem magni pariatur odio fugit accusamus. Eos eius exercitationem eos consectetur architecto quaerat cumque. Sunt minima omnis voluptas nostrum dolorem.\n\nA tempora eius nihil. Debitis commodi qui voluptatem qui est voluptatem. Et et sint voluptatem ducimus.', '20', 't', '3776', '2025-09-18 10:22:34', '2025-09-18 10:22:34');
INSERT INTO posts (id, title, content, user_id, published, view_count, created_at, updated_at) VALUES ('70', 'Rerum consequatur sunt veritatis culpa et officiis.', 'Quia qui velit et et commodi sit. Aut illum labore quae voluptatum ipsa. Tempora rerum et eos soluta. Culpa ut id voluptatem possimus autem itaque molestiae.\n\nNulla excepturi deserunt ut id ratione. Similique quibusdam voluptas a rerum. Delectus sit est exercitationem hic dolor sint.\n\nTempore quaerat repudiandae officiis illo rerum. Odio eos quia recusandae inventore. Quas et labore laborum est.', '22', 't', '7432', '2025-06-12 19:00:45', '2025-06-12 19:00:45');
INSERT INTO posts (id, title, content, user_id, published, view_count, created_at, updated_at) VALUES ('71', 'Ut tempora rerum et eaque fugit eos.', 'Qui nobis autem ipsam et eos expedita. Neque eum voluptas temporibus temporibus quia vitae fuga a. Eos quis eaque ea ut accusamus minima dolores sed.\n\nEos inventore quis qui animi est veritatis ea. Accusamus et dolores accusantium rem dolore voluptas. Et molestias rem consectetur vel qui ducimus eum. Eveniet voluptates autem tempora dolorum.\n\nUt eos eos voluptatem in quis reprehenderit deleniti. Ut fuga est sint omnis nisi. Non eum qui tenetur voluptatem et libero. Ipsam ducimus est quam totam.\n\nBlanditiis odit excepturi sint illum est et nesciunt beatae. Sit omnis qui id ex perspiciatis recusandae. Ipsum laudantium qui enim illum. Minus veritatis et eos consequatur repudiandae est.', '37', 't', '9796', '2025-07-28 17:44:17', '2025-07-28 17:44:17');
INSERT INTO posts (id, title, content, user_id, published, view_count, created_at, updated_at) VALUES ('72', 'Repudiandae aliquid iusto ea magnam praesentium quidem sed unde autem ipsum.', 'Maiores dolorum omnis quia ut enim. Et consequatur qui aspernatur laudantium aut molestias reprehenderit. Tenetur molestiae ratione ut illum ratione quisquam.\n\nNatus illum qui reiciendis et et. Accusamus enim iusto magnam est. Autem illum quis eos aliquid ut fugiat dicta quis. In aperiam consectetur ad autem eaque eos.\n\nNulla magni iste temporibus ipsum expedita necessitatibus enim et. Neque nihil necessitatibus corrupti. Ratione deserunt ut qui officiis eaque voluptatibus sunt. Nam quaerat necessitatibus quo deleniti id quas quaerat.\n\nOptio quod laborum quis qui. Provident delectus fuga repellendus nihil ipsam ducimus hic sunt. Qui minus neque quis culpa non repellendus nam. Repellat natus officiis hic autem.', '17', 't', '8329', '2025-06-21 21:58:58', '2025-06-21 21:58:58');
INSERT INTO posts (id, title, content, user_id, published, view_count, created_at, updated_at) VALUES ('73', 'Eos fugiat nihil at eaque consequatur doloribus.', 'Corrupti expedita eius magnam esse dolorem. Porro ut optio iste harum optio. Laboriosam praesentium deserunt et veniam et.\n\nAccusantium corrupti dolore earum dolorem aut architecto ut eveniet. Molestiae delectus minus sequi in eos. Nam voluptatem vel ad distinctio aliquid totam vel. Nihil rerum voluptate quidem debitis blanditiis.\n\nSit ut nobis provident in sint magnam. Qui ad soluta corporis consequuntur non. Autem deleniti aut ipsa.\n\nDolor omnis sunt magni enim occaecati tenetur consequatur. Qui dolore ea sit esse vitae animi ad. Veniam sit cupiditate aliquid voluptas esse.', '38', 'f', '553', '2025-01-05 21:17:22', '2025-01-05 21:17:22');
INSERT INTO posts (id, title, content, user_id, published, view_count, created_at, updated_at) VALUES ('74', 'Consequatur cupiditate sint et vero delectus alias.', 'Ut et corporis minima facere. Et consequatur delectus consequatur qui. Officiis et est nam ea ratione. Consectetur ut veritatis repellat nemo adipisci quia laboriosam quidem.\n\nUt modi id similique aut. Omnis facere qui mollitia ex accusantium sit inventore. Saepe laborum consectetur sint. Neque soluta adipisci dolor iusto quas.\n\nAsperiores rerum dignissimos ut a. Est et in eum aut vitae. Nostrum nam perspiciatis aut tenetur vel. Sint omnis rem est porro corporis facilis.\n\nUllam qui doloremque libero est iusto. Molestiae laboriosam quia veniam. Assumenda consequatur et quia inventore.\n\nAut sit at voluptas minima pariatur odio sequi. Necessitatibus quia laudantium ut similique sed recusandae eligendi. Blanditiis at voluptas quisquam vitae omnis tempora rerum.', '44', 't', '8918', '2025-04-24 12:16:22', '2025-04-24 12:16:22');
INSERT INTO posts (id, title, content, user_id, published, view_count, created_at, updated_at) VALUES ('75', 'Dolorem distinctio sed necessitatibus quidem qui aperiam voluptatem consequatur harum magni.', 'Voluptates debitis est molestias incidunt enim sunt quibusdam. Quibusdam id quia dolorum accusantium tempore. Rerum qui ut ratione vero dolorem vitae ipsa. Voluptate sapiente libero doloribus magnam illo et dolorem.\n\nAutem ipsum sed quia reprehenderit tempora consectetur esse odio. Et magnam nihil nulla in animi neque ut.\n\nVitae voluptatibus dolore explicabo ea facilis. Minus quaerat blanditiis velit. Nam voluptatem id quisquam voluptatibus consectetur aut non.\n\nFacilis earum sunt dolore distinctio laborum rerum. Quae alias et vel.', '31', 'f', '7548', '2024-12-13 07:23:35', '2024-12-13 07:23:35');
INSERT INTO posts (id, title, content, user_id, published, view_count, created_at, updated_at) VALUES ('76', 'Voluptatem labore assumenda dolor.', 'Eum voluptatem ea cumque aut ut id. Aut aut maxime quis commodi qui. Et minima laudantium porro non et vel. Cum itaque accusantium qui beatae inventore quisquam ea illum.\n\nPossimus tenetur rem voluptas et nobis voluptatem. Sed quae quis harum mollitia rerum. Sint non vel ad fugit quo. Iusto rerum qui iusto asperiores fuga maxime. Laborum nesciunt culpa mollitia incidunt impedit vero perferendis beatae.\n\nRecusandae modi ut repudiandae ut dolorem. Molestiae voluptas optio voluptate necessitatibus qui fugit. At architecto vel ea architecto. Minima nesciunt quia quidem eaque.\n\nAut error corporis fuga explicabo cupiditate. Dignissimos qui asperiores in veniam non dignissimos. Optio fugit non corrupti adipisci labore sed corrupti voluptas.\n\nQuos odit quia qui. Facilis qui rerum non sequi. Eligendi ab officia ab architecto est excepturi velit. Consequatur consequatur id ullam et.\n\nOccaecati deserunt voluptate exercitationem omnis. Minus quia modi rerum ullam et. Ut nostrum et ut quo rerum modi facere. Dolore quo deleniti adipisci voluptatum cupiditate dicta.', '12', 'f', '5830', '2025-03-30 12:51:40', '2025-03-30 12:51:40');
INSERT INTO posts (id, title, content, user_id, published, view_count, created_at, updated_at) VALUES ('77', 'Culpa reiciendis inventore adipisci omnis consectetur sapiente aut est.', 'Aut et sed occaecati ullam explicabo occaecati sunt. Et commodi consequatur mollitia aut voluptatem quo. Recusandae est nesciunt et excepturi.\n\nMagnam et necessitatibus laborum. Tempore ex molestias et blanditiis. Illo suscipit odio vel assumenda.\n\nFugit minus tempore hic quo quia tempore. Sed tempora repudiandae omnis rerum aperiam praesentium ipsam magni. Quia adipisci modi et quia debitis excepturi ut.\n\nIure similique sint enim consequatur occaecati. Accusamus voluptatem cumque reprehenderit maiores autem.', '16', 't', '2857', '2025-05-11 16:38:58', '2025-05-11 16:38:58');
INSERT INTO posts (id, title, content, user_id, published, view_count, created_at, updated_at) VALUES ('78', 'Nam nihil beatae possimus quisquam possimus ut officiis accusantium qui.', 'Ut quo pariatur quos et ex ab. Consectetur consequuntur occaecati libero temporibus eius qui officiis sint. Aut nisi dicta veritatis ad quia dolorem.\n\nPerferendis est non sit veniam natus. Eum esse quia aliquid impedit. Eligendi vel molestiae illo ut explicabo id. Dicta odit possimus ducimus qui.\n\nEst magni quae totam reiciendis qui minus eligendi dolorum. Similique necessitatibus ut error molestias accusamus voluptatem voluptatem. Nihil est qui inventore qui debitis sint. Quia excepturi doloribus dicta quia et.\n\nHic ut ut reprehenderit aut animi eius reiciendis. Et ut velit eum perspiciatis. Voluptas adipisci unde repellat. Dolor doloribus facilis qui voluptas.\n\nCommodi dolorem at assumenda ullam. Qui sint sit dolorem saepe ad natus.', '41', 't', '1999', '2025-05-07 12:51:50', '2025-05-07 12:51:50');
INSERT INTO posts (id, title, content, user_id, published, view_count, created_at, updated_at) VALUES ('79', 'Non veritatis voluptatibus dolorem voluptatem debitis.', 'Architecto beatae qui eum molestiae odio est aut. Reiciendis alias voluptatem vitae incidunt sapiente mollitia. Quidem illum voluptatem vero modi quae atque. Nulla quia dolor nulla veritatis dolor.\n\nDoloremque quo sit reprehenderit aliquid voluptas voluptas aperiam. Vel ipsam iure adipisci nostrum natus. Temporibus voluptates est ut odio quidem. Id ut ab rerum odit.\n\nLaboriosam quaerat molestiae dolor aliquam quos harum eveniet. Ut aut consequatur accusamus dicta nihil eum doloremque. Et omnis voluptatem mollitia unde reprehenderit. Quae cupiditate quod harum magnam voluptatem.\n\nVoluptas eum repellat voluptas qui ea. Non libero qui fuga et qui. Est iure et ab id repellat quia.\n\nUnde optio explicabo commodi. Aliquam voluptates modi ut nobis quaerat autem autem. Voluptatem dignissimos numquam aspernatur qui laboriosam eius doloribus. Sapiente voluptas qui rerum.\n\nQuis eaque consequuntur pariatur quo expedita necessitatibus maxime. Aut et et mollitia aut. Quo error eos repudiandae ut aut aut. Sed dolores ut ut.', '22', 'f', '2654', '2025-07-18 09:33:04', '2025-07-18 09:33:04');
INSERT INTO posts (id, title, content, user_id, published, view_count, created_at, updated_at) VALUES ('80', 'Voluptas suscipit harum.', 'Qui facere nihil magni rerum ut et et. Inventore repellendus tenetur recusandae et incidunt recusandae iure.\n\nSimilique facere sint itaque fugit in. Rerum sunt harum quia iusto labore.\n\nId et explicabo maxime officia dicta expedita. Velit sint dolorem a omnis recusandae quaerat et. Vero porro modi illum at. Saepe libero enim eum nesciunt quasi itaque ipsa.\n\nEnim culpa labore et ut aliquid. Aliquam omnis fugit sapiente. Voluptates vitae qui dolorem nisi nobis.', '22', 't', '7251', '2025-03-03 01:48:37', '2025-03-03 01:48:37');
INSERT INTO posts (id, title, content, user_id, published, view_count, created_at, updated_at) VALUES ('81', 'Eos omnis sint et quia.', 'Et sunt quam facilis est fuga. Est numquam inventore laboriosam neque vel sit. Quisquam nam eveniet praesentium id vero est.\n\nQuod aut praesentium perferendis officia. Inventore nam quia alias sed dicta. Doloremque non hic pariatur voluptas nihil molestiae. Aut adipisci ea voluptate sunt harum voluptas.\n\nIpsum sed minus sed quae et id perspiciatis. Cupiditate et odio optio harum provident excepturi. Sit ipsum occaecati et quae harum quidem.\n\nExcepturi velit corporis voluptates sed officia iusto. Minima impedit sapiente expedita unde deleniti. Non delectus omnis accusamus sequi sapiente. Aspernatur nemo ex optio quis iusto esse.', '42', 't', '8396', '2024-12-30 22:52:13', '2024-12-30 22:52:13');
INSERT INTO posts (id, title, content, user_id, published, view_count, created_at, updated_at) VALUES ('82', 'Voluptates at sunt quod nostrum quod suscipit laudantium et ea.', 'Reiciendis est excepturi voluptatem. Nisi non ab ut quis quibusdam. Fugiat corporis a odio laborum enim. Reiciendis aut ea rem perferendis voluptas magni dignissimos.\n\nRerum placeat eius harum provident neque nihil. Sit aliquid molestias quibusdam. Non eveniet voluptatem quia deserunt voluptate et.\n\nEst id vel quae magni. Eveniet unde odit nobis alias explicabo vel temporibus. Atque est corporis reiciendis dicta nulla voluptatem quas.\n\nMolestias officiis ut neque. Rerum dolores provident et autem.', '27', 't', '537', '2025-11-16 08:07:36', '2025-11-16 08:07:36');
INSERT INTO posts (id, title, content, user_id, published, view_count, created_at, updated_at) VALUES ('83', 'Numquam officiis qui et quis voluptas mollitia facere nisi ab delectus.', 'Dolore quia animi dolor totam nisi vel. Quia reiciendis voluptatum sint placeat excepturi aliquam qui. Nam ut unde laboriosam repellendus. Soluta nostrum necessitatibus nihil laborum nihil.\n\nAliquid corporis quis harum consequuntur labore tempore. Totam rem tenetur qui omnis quia dolores. Aut quod eius quis molestias consequuntur vero sed vitae.\n\nQuo deleniti qui consequatur eligendi. Ut magni excepturi perspiciatis placeat ipsum deserunt expedita. Quas inventore error aut dignissimos sed vero numquam.\n\nOmnis error eum consequatur ipsam. Praesentium omnis ipsam deserunt soluta delectus. Dolor illo modi nihil voluptatibus quia asperiores asperiores.\n\nEnim tempore distinctio cumque cumque. Aut magnam accusantium sed labore.', '5', 't', '5887', '2024-12-19 22:08:38', '2024-12-19 22:08:38');
INSERT INTO posts (id, title, content, user_id, published, view_count, created_at, updated_at) VALUES ('84', 'Ea distinctio quam et dignissimos saepe.', 'A tempore iste omnis natus soluta. Quam velit non molestias numquam. Similique libero saepe nisi numquam non at quia iusto. Aliquam rerum commodi autem non.\n\nDicta perspiciatis ut aperiam at ipsam ut. Architecto quam dicta exercitationem similique voluptatum illo.\n\nIn architecto qui asperiores et. Unde quos qui id tenetur est qui sapiente ipsa. Odio ipsa et sapiente iure in doloribus.', '33', 't', '1471', '2025-11-18 22:22:02', '2025-11-18 22:22:02');
INSERT INTO posts (id, title, content, user_id, published, view_count, created_at, updated_at) VALUES ('85', 'Sed rerum reiciendis distinctio excepturi.', 'Consequuntur quisquam ducimus est laborum dolor. Qui at nihil itaque quidem. Nihil explicabo eum numquam et magni et non. Sed et labore ipsa debitis voluptas iure maiores.\n\nIn consequatur provident voluptate et. Aut praesentium laborum consequuntur omnis quam fuga quidem. Qui occaecati et laboriosam et commodi sit magni. Aut voluptatem iste dicta ut nihil et ipsam.\n\nSequi mollitia molestiae ut maxime hic. Quo ipsum quo in et. In mollitia deserunt quis.', '41', 't', '224', '2025-05-31 09:32:10', '2025-05-31 09:32:10');
INSERT INTO posts (id, title, content, user_id, published, view_count, created_at, updated_at) VALUES ('88', 'Eum quidem molestias aspernatur doloremque.', 'Quia eaque non ut velit. Rerum odio laborum quis tempora omnis. Consequatur tempora beatae quibusdam tempora quia et quaerat commodi.\n\nIn quidem est vitae eum. Facilis officiis soluta similique ducimus hic et. Consectetur et tenetur reprehenderit sint consequuntur.\n\nBeatae cumque quia ratione tempore distinctio quas similique eos. Aut enim sed possimus id. Harum fuga quo nostrum animi harum ipsum. Possimus sapiente minus ut commodi et et necessitatibus.\n\nQuia asperiores excepturi rem numquam explicabo ea. Nihil adipisci voluptatem magnam quia reprehenderit. Omnis voluptate libero optio harum. Expedita perspiciatis deserunt repellendus nulla voluptas accusantium.\n\nLabore sint consequatur sint consequuntur quod totam et qui. Consectetur fugiat officiis impedit corrupti. Eum vel ad iusto repudiandae. Autem expedita quia et tempora cumque. Sed autem nihil inventore eligendi unde quia harum ut.\n\nVel labore enim nulla ut libero dolor. Rerum voluptas sint repellendus occaecati et eos veniam incidunt.', '40', 't', '2156', '2025-07-12 08:07:27', '2025-07-12 08:07:27');
INSERT INTO posts (id, title, content, user_id, published, view_count, created_at, updated_at) VALUES ('89', 'Fuga eligendi totam.', 'Cum quae et iste omnis quod nostrum esse. Unde quia saepe ut non magni sint. Aut praesentium sit eius. Voluptatem enim quae inventore.\n\nAsperiores quam quia ut velit sint. Ut labore repudiandae enim possimus eos. Rerum delectus voluptates nihil numquam voluptatem non nisi.\n\nSit non sed quos ut quasi et. Est cumque facilis aspernatur repellendus. Voluptatibus velit architecto sapiente ut voluptate.\n\nIn voluptates officia ut ipsam. Odit tempore nostrum nam dolorum sed culpa ab. Ullam commodi eos beatae. Mollitia rem impedit est fugiat.', '28', 'f', '7904', '2025-11-04 14:43:53', '2025-11-04 14:43:53');
INSERT INTO posts (id, title, content, user_id, published, view_count, created_at, updated_at) VALUES ('90', 'Saepe sapiente eos saepe deleniti.', 'Non reprehenderit quis rerum atque ut error voluptatibus tempore. Ducimus modi dolores saepe dolorum aliquid. Occaecati molestiae aspernatur distinctio placeat molestiae. Placeat beatae fugiat quidem eum.\n\nSunt labore a possimus soluta eum dolor aperiam. Unde unde autem possimus voluptates natus aut enim. Odio et autem voluptas laudantium molestiae sed excepturi.\n\nSaepe aliquid nostrum iste in. Voluptas voluptate accusamus aut minus sequi quas.', '32', 't', '3897', '2025-09-15 22:59:17', '2025-09-15 22:59:17');
INSERT INTO posts (id, title, content, user_id, published, view_count, created_at, updated_at) VALUES ('91', 'Officiis debitis ducimus autem.', 'Et a sed praesentium vitae porro repudiandae ut. Et aut consequatur qui et. Qui aut eius non culpa earum. Eveniet est et laudantium unde tempore in iure.\n\nRerum et perspiciatis at molestiae ut architecto. Ut et natus provident sunt non. Ab voluptas ea soluta odit fugiat. Architecto iusto distinctio in mollitia.\n\nVel et reprehenderit laudantium eaque voluptate in quibusdam. Molestias dignissimos ducimus ut omnis reprehenderit quisquam. Libero illo animi cupiditate distinctio.', '36', 't', '1343', '2025-04-25 16:59:56', '2025-04-25 16:59:56');
INSERT INTO posts (id, title, content, user_id, published, view_count, created_at, updated_at) VALUES ('92', 'Est voluptatum nihil officia rem.', 'Quas et molestias enim. Quia quod commodi soluta quaerat est. Suscipit sequi quidem aut et earum animi.\n\nSit ea molestiae rerum modi et. Sit voluptatem cum fuga harum assumenda numquam libero. Molestias quia pariatur doloremque nulla necessitatibus fugiat.\n\nSed numquam labore temporibus corrupti iste ut quam. Eum ducimus dolorum vitae ea. Omnis tenetur est sunt a. Nam et quo corporis nihil modi officiis rem et.', '14', 't', '4857', '2024-12-06 17:35:55', '2024-12-06 17:35:55');
INSERT INTO posts (id, title, content, user_id, published, view_count, created_at, updated_at) VALUES ('93', 'Quidem numquam omnis impedit eos.', 'Tenetur inventore minima dolorem quas dicta neque voluptas. Voluptas facilis vel quam vel assumenda. At dolores fuga hic. Laudantium delectus sunt non dolorum dolorum molestiae.\n\nEa ratione laborum tempora nam temporibus nihil. Nihil odit quidem rerum ex quia vitae. Ex tempora enim illum quisquam sint. Temporibus aut delectus quia ad minus.\n\nVeniam quia consequatur dicta rerum ea magni impedit. Error est ut nihil quis ipsam odit ut ut. Praesentium voluptate officia perferendis impedit quos laboriosam delectus.\n\nEum libero voluptatem tempore numquam sit atque. Voluptate reprehenderit ut et iure nihil voluptas dolores. Id neque quis voluptatem quibusdam. Sunt excepturi repellendus dicta et amet suscipit quidem veniam. Vero a minus et quos in autem fuga animi.', '45', 'f', '1994', '2025-06-18 08:10:57', '2025-06-18 08:10:57');
INSERT INTO posts (id, title, content, user_id, published, view_count, created_at, updated_at) VALUES ('94', 'Sunt neque at tempore.', 'Ipsum non dicta expedita possimus qui eos. Molestias magnam eum sit. Saepe facere aut reiciendis sit doloribus ipsum.\n\nSed natus nihil veritatis tenetur. Harum aut soluta asperiores omnis. Qui enim ut eum in dolorem.\n\nQuis incidunt aut libero quia commodi in. Magni et quaerat facere accusantium at sit quod. Fuga enim provident a officia vel fugit. Nam optio incidunt aut quas.\n\nAccusantium voluptas adipisci nulla quod est iusto. Et beatae unde ex. Quia consequuntur veritatis inventore. Aspernatur ab sint distinctio vel magnam aut.\n\nRepellat aliquid voluptate nobis numquam et. Nemo esse in nobis totam accusamus quis alias. Explicabo eveniet qui ab ducimus. Magnam similique perspiciatis dolor. Consequatur excepturi et dignissimos id molestias quis eos iure.\n\nNostrum reprehenderit sunt voluptatem nobis. Facere qui ex veritatis. Quisquam et quisquam blanditiis omnis. Aut accusamus expedita repellendus repudiandae. Accusantium magnam alias deleniti.', '12', 't', '4270', '2025-05-14 10:28:40', '2025-05-14 10:28:40');
INSERT INTO posts (id, title, content, user_id, published, view_count, created_at, updated_at) VALUES ('95', 'Facilis iste quaerat in.', 'In vitae tempora ad voluptas. Vel voluptatem rem itaque doloribus omnis omnis sint quas. Blanditiis ea repudiandae non libero autem est occaecati ut. Earum ut sequi qui omnis unde neque atque. Quaerat natus necessitatibus eos esse.\n\nDolore quia vitae sed rerum dolores at est. Id soluta cumque illum autem omnis laudantium velit et. Cum voluptatem sed voluptas et esse ad. Qui pariatur nesciunt ab eos sint nesciunt quae.\n\nRepudiandae est culpa quia voluptates eius perferendis. Cumque eligendi itaque vitae impedit. Id ipsa tenetur est quia temporibus modi vitae.\n\nQuam dignissimos eveniet voluptatem omnis accusantium qui eos voluptatum. Asperiores est optio eaque sed natus in nihil fuga. Cupiditate sit esse laudantium provident sed adipisci. Molestiae nihil saepe omnis saepe est vel quia et.\n\nAnimi voluptates ut sed ullam sunt quis. Adipisci ad eum et impedit sit nam delectus. Commodi aut molestias est consequatur voluptatem esse. Minus vero et unde laudantium.\n\nAnimi natus molestias dolorum praesentium inventore doloribus. Et et consequatur magnam veniam. Inventore enim dolorem facere rerum. A occaecati architecto et natus provident minus soluta. Dolor dignissimos dignissimos possimus iure.', '4', 't', '8851', '2025-09-08 10:05:51', '2025-09-08 10:05:51');
INSERT INTO posts (id, title, content, user_id, published, view_count, created_at, updated_at) VALUES ('96', 'Recusandae sed eos adipisci neque illo.', 'Reiciendis provident et quam nesciunt pariatur. Est aut mollitia animi reprehenderit. Molestias magni error sed molestias. In enim voluptas officia blanditiis earum.\n\nAut odio assumenda nobis. Magni ullam quod et veritatis. Voluptatibus aliquid atque vitae nihil animi perspiciatis sunt quam. Voluptas ducimus voluptatem qui voluptatum illum. Rem qui delectus excepturi perspiciatis et sequi odio.\n\nIpsam rerum quo doloribus autem officia. Quia et deserunt consequatur id assumenda. Est libero magni ad porro sit ab. Quis itaque sunt eos perferendis odit. Qui facere voluptatem exercitationem eos eius.', '6', 't', '2316', '2025-02-26 18:28:28', '2025-02-26 18:28:28');
INSERT INTO posts (id, title, content, user_id, published, view_count, created_at, updated_at) VALUES ('117', 'Laudantium saepe et ad.', 'Culpa tenetur qui minima. Quasi et sapiente consequatur sint aut facere illo a. Nisi quia quidem sit.\n\nDeleniti unde eum aspernatur illo cum. Quia corporis quidem officiis ea. Est molestiae necessitatibus excepturi. Quo illo sed non modi.\n\nEt sapiente fuga laudantium. Tenetur eos pariatur officiis tempora. Perferendis ea facilis assumenda.', '6', 't', '5797', '2025-06-29 23:18:44', '2025-06-29 23:18:44');
INSERT INTO posts (id, title, content, user_id, published, view_count, created_at, updated_at) VALUES ('97', 'Molestias blanditiis numquam est velit aut aut.', 'Soluta fugit soluta tempore quia earum. Sunt sint et eius. Deserunt blanditiis repudiandae quod. Rerum animi et soluta ducimus doloribus placeat ipsa. Magnam a architecto incidunt accusamus magni unde non.\n\nCumque aperiam ratione quo deleniti et porro. Corporis expedita et sed repellat sit debitis autem.\n\nModi animi illo consequatur et ex et. Molestias a amet non quo nihil porro omnis molestiae. Nobis sit fuga ratione officiis maiores. Non architecto repellendus sequi vel quia eveniet.\n\nAccusamus nobis culpa quibusdam praesentium iste nesciunt et ut. Odit est dolore et quo aut. Maiores ea unde quae.\n\nSint qui voluptate et sit at velit eum. In quo atque molestias dolor quia. Eius laborum iste a deleniti. Incidunt excepturi explicabo perspiciatis doloribus.', '42', 't', '9778', '2024-12-11 21:10:00', '2024-12-11 21:10:00');
INSERT INTO posts (id, title, content, user_id, published, view_count, created_at, updated_at) VALUES ('98', 'Id repellat nemo enim suscipit ut esse velit inventore.', 'Odio rem et natus molestias sit atque. Enim asperiores qui sit ut voluptas sed. Nihil libero minus dolor sint minima.\n\nVitae repellendus ut et rerum. Repellat sit vel et. At soluta quasi culpa et voluptatem dicta. Distinctio optio tenetur eum molestiae cupiditate nemo quia.\n\nQuaerat voluptas quaerat ut quo neque optio qui. Accusamus illo sequi est nesciunt amet et. Sed esse facere dolore accusamus.\n\nAmet vel est rem error saepe. Consectetur dolores nam eveniet minima similique placeat ipsam aut. Officia sit quae dicta odio hic.', '38', 't', '5532', '2025-01-09 12:39:15', '2025-01-09 12:39:15');
INSERT INTO posts (id, title, content, user_id, published, view_count, created_at, updated_at) VALUES ('99', 'Et officiis non voluptas magnam pariatur accusantium atque corporis consequatur.', 'Et ipsa odio delectus est. Non quia iste illum nulla id sed. Dolorem et debitis non quasi ut consequatur asperiores.\n\nPerferendis incidunt a vel quo sapiente dolores impedit. Aut aliquam debitis quae. Sint autem eveniet sunt sunt.\n\nQuibusdam dicta mollitia sed illum tempore corrupti. Ea voluptate excepturi illum beatae repellat odit voluptatem. Ea amet consequuntur et deleniti provident et laborum necessitatibus.\n\nNemo quos placeat aut voluptatum. Quia eum soluta et corrupti qui. Dicta necessitatibus culpa cumque repellendus. Accusamus pariatur est voluptatibus.\n\nVitae sequi voluptatibus aliquam voluptas dicta. Non molestiae praesentium ratione exercitationem cupiditate. Ducimus minima eligendi dolorem eum voluptate quis.\n\nQuasi et minus eos dolorem. Sequi totam molestiae dolorem sint velit qui occaecati. Iusto perferendis dolor rem fugit ipsa deserunt. Occaecati quaerat suscipit rem. Excepturi maiores error sed fugit dolores qui.', '34', 'f', '5707', '2025-06-23 18:29:30', '2025-06-23 18:29:30');
INSERT INTO posts (id, title, content, user_id, published, view_count, created_at, updated_at) VALUES ('100', 'Distinctio odit et veritatis.', 'Voluptas quidem qui consequatur officiis. Dignissimos est ad delectus ut at eos. Nostrum vel quia adipisci consequatur. Ipsum a deserunt omnis. Fugiat beatae nihil quo dolores iste.\n\nPossimus adipisci numquam omnis dolorum reiciendis. Accusamus consequatur dolorem sint modi et aut sunt adipisci. Veniam eum facere quia.\n\nOfficiis pariatur et et. Porro corporis dicta esse aut. Eos earum et tenetur nulla excepturi. Labore repellendus provident corrupti labore dolorum sint.\n\nUt eligendi facilis aperiam animi. Ut aut voluptas aut aut at incidunt tenetur architecto. Numquam minus doloribus dolores optio. Et aperiam maiores aut ut.\n\nEa molestias aut occaecati repellat dolorem dignissimos omnis minus. Magni eum voluptatem necessitatibus est officia consequatur totam rerum. Ratione qui aut in saepe totam id nam. Id atque eveniet aut et vel nam. Sed aut reprehenderit ullam quo eum.', '5', 't', '7349', '2025-08-31 18:24:43', '2025-08-31 18:24:43');
INSERT INTO posts (id, title, content, user_id, published, view_count, created_at, updated_at) VALUES ('101', 'Id ipsam velit molestiae officiis voluptas omnis.', 'Nemo quae ea magnam officiis iusto commodi voluptas eaque. Molestias quia error illum cupiditate. Porro iusto reprehenderit voluptatem incidunt vel.\n\nOfficia quisquam eveniet cupiditate quod quaerat fugit officiis. Ex autem tempore cumque occaecati impedit ipsum aut. Ipsam commodi optio sunt rerum et et ab.\n\nEt et dignissimos in nisi reiciendis vero. Reprehenderit fugit excepturi maxime sint aut. Commodi numquam dolores nobis hic impedit laudantium magni. Nihil delectus autem sit placeat nulla provident.', '1', 't', '1409', '2025-02-09 19:23:50', '2025-02-09 19:23:50');
INSERT INTO posts (id, title, content, user_id, published, view_count, created_at, updated_at) VALUES ('102', 'Voluptatum tempora impedit vel.', 'Quibusdam sapiente maiores vel consequuntur sunt autem soluta. Voluptatibus consequuntur et accusamus magni perferendis quo. Quia est dolorem qui eum reiciendis exercitationem.\n\nNulla consectetur non blanditiis id quis nostrum iusto. Deserunt repudiandae quae similique id sit tenetur voluptate. Labore eius unde id earum quia pariatur.\n\nEt doloremque repellat voluptatem amet odit adipisci. Maiores sunt dolore non mollitia tenetur doloremque.', '41', 't', '4308', '2024-12-10 00:55:22', '2024-12-10 00:55:22');
INSERT INTO posts (id, title, content, user_id, published, view_count, created_at, updated_at) VALUES ('103', 'Dignissimos et est accusantium quis consequatur vero et et occaecati et.', 'Sed placeat in molestiae iste dolores quibusdam asperiores. Dolorum sunt culpa tempore quia. Assumenda et atque quam quibusdam consequatur sequi. Delectus sunt blanditiis harum non.\n\nSequi sit aut nostrum et iste aut. Laboriosam eos ea laboriosam dolor. Suscipit est praesentium ab omnis.\n\nQuis voluptatem temporibus cum qui tenetur a nulla quod. Animi quo veritatis ad deleniti aut magnam ea. Explicabo eos accusantium illum doloribus.\n\nAutem consectetur qui ut quisquam voluptatem nemo qui. Libero repellat consectetur assumenda quas rerum harum error. Libero necessitatibus dolor assumenda voluptatum inventore sunt. Nihil labore fugit dolorem consequuntur at quo explicabo.\n\nVoluptates deserunt veniam earum dolore minima. At velit facere sint omnis ut. Omnis hic molestiae dolores perspiciatis. Quasi ipsam odio sunt porro cumque esse rerum.', '32', 't', '6584', '2025-08-01 15:39:29', '2025-08-01 15:39:29');
INSERT INTO posts (id, title, content, user_id, published, view_count, created_at, updated_at) VALUES ('104', 'Quos enim sed libero fugit dignissimos amet.', 'Aut consequatur et eveniet ipsam nihil. Iusto facilis dolorem est distinctio. Qui et quasi eveniet qui quasi sapiente est.\n\nMaxime id eveniet ratione et provident itaque ut. Repudiandae minus qui labore sed eos voluptas atque qui. Qui fuga inventore nisi sed ab corporis maxime placeat. Cumque aut molestiae praesentium placeat est vero fuga corrupti.\n\nNihil omnis sit vel maxime quod. Error dolor saepe sed saepe. Et mollitia quos iure voluptates. Veritatis sunt quae enim et adipisci.\n\nAlias nesciunt nulla ducimus qui. Nulla autem necessitatibus occaecati. Assumenda qui ut nihil eos. Libero iure est minima. Deserunt odio repellat amet et ut.', '11', 't', '6698', '2025-11-20 01:50:49', '2025-11-20 01:50:49');
INSERT INTO posts (id, title, content, user_id, published, view_count, created_at, updated_at) VALUES ('105', 'Non tenetur et dolorem temporibus.', 'Ratione excepturi esse natus numquam enim sit quam. Deserunt nam sequi omnis dolores vel eligendi. Occaecati modi culpa assumenda omnis repudiandae quod et et.\n\nAut qui quia voluptate est. Voluptatem quaerat accusantium odio architecto tempore ut. Iusto repudiandae possimus perspiciatis ea nihil maiores. Tenetur ducimus aperiam hic vel debitis aut repudiandae.\n\nEt iure eum numquam velit. Iste nisi qui et dolore nihil. Aut a ex totam facere.\n\nNulla qui molestiae et deleniti. Sequi explicabo omnis provident tempora et. Quia quidem aut quae ea.\n\nVoluptatem vel minus aut architecto et ex. Aut debitis id facilis deleniti. Enim officiis illo quo itaque. Iusto nisi aut quod iste inventore et.', '4', 'f', '7809', '2025-01-29 13:36:18', '2025-01-29 13:36:18');
INSERT INTO posts (id, title, content, user_id, published, view_count, created_at, updated_at) VALUES ('106', 'Eius repudiandae corrupti repellat.', 'Ratione adipisci esse enim. Labore laborum architecto quae ipsum debitis rerum. Blanditiis sunt veniam consequatur qui expedita optio nisi. Perferendis minima dolorem sit tempora.\n\nRepellendus est cum nihil. Est aperiam ea harum sed aut quis dolorum. Neque voluptas nisi consequuntur. Incidunt consequuntur laboriosam delectus sit.\n\nAut accusantium sit autem aperiam repudiandae. Beatae soluta in consequatur quae. Et libero et aspernatur nesciunt et voluptatem.', '25', 'f', '8785', '2025-01-16 01:33:18', '2025-01-16 01:33:18');
INSERT INTO posts (id, title, content, user_id, published, view_count, created_at, updated_at) VALUES ('107', 'Voluptas dignissimos eos corrupti soluta illo.', 'Tenetur ut et exercitationem velit doloribus doloribus soluta inventore. Totam beatae explicabo enim deleniti aut numquam aut reiciendis. Porro omnis est omnis eos. Deserunt quo reiciendis nesciunt sit expedita aut.\n\nNisi adipisci eos eum quos est et. Ducimus ullam ea qui. Molestias quibusdam aperiam nihil et temporibus rerum enim. Voluptas quasi itaque dolorem soluta vitae in quia.\n\nOccaecati eos aspernatur sapiente. Vero blanditiis ullam et nostrum cumque maiores consequatur voluptatem. Natus temporibus nobis reprehenderit id eum sequi et. Iste et dicta quo numquam deserunt omnis sit. Eum aperiam a perspiciatis enim aliquid nisi.\n\nVeritatis omnis eos rerum adipisci. Dolor quas similique nemo. Qui et consequatur et quae recusandae rerum consequuntur tenetur.\n\nReiciendis ea quaerat rerum provident voluptatibus. Consequatur eveniet inventore ut et dolorum reiciendis eos. Veniam enim rerum voluptas mollitia iure quasi. Esse aut quia dolore alias in quis.\n\nFuga doloribus fuga voluptatem delectus voluptatibus saepe amet. Labore totam ad nemo ut illo cum culpa pariatur. Modi unde sed natus ad sunt. Possimus ducimus cumque sunt et maxime repudiandae.', '43', 't', '9717', '2024-12-22 03:41:56', '2024-12-22 03:41:56');
INSERT INTO posts (id, title, content, user_id, published, view_count, created_at, updated_at) VALUES ('108', 'Ut quod et veniam molestias quo reprehenderit.', 'Sunt sequi deleniti quia tempore quidem beatae sit. Et adipisci ex ullam illo perferendis amet eos et.\n\nExpedita qui non sapiente delectus. Error eius est expedita ut quia commodi quaerat et. Quaerat officiis sint deserunt voluptatibus recusandae nesciunt. Eaque aliquam aperiam necessitatibus id velit. Repellendus tempora labore dolor porro possimus.\n\nEum aut minus quis doloribus quis et. Rerum sunt sit iure quia animi aut et. Perspiciatis id consequuntur voluptas facere nisi dolorem.\n\nIusto accusantium magni dignissimos rem. Enim tempora eum enim quia cumque nostrum. Blanditiis nesciunt repellat harum culpa minus aspernatur enim.', '1', 't', '5397', '2025-01-28 22:53:39', '2025-01-28 22:53:39');
INSERT INTO posts (id, title, content, user_id, published, view_count, created_at, updated_at) VALUES ('109', 'Laborum ut aut sunt reprehenderit explicabo at sit et.', 'Voluptatem qui aut incidunt saepe in et. Voluptas illum excepturi pariatur similique mollitia. Cum neque aut sequi adipisci debitis esse dolor magnam. Eaque eveniet molestiae ipsum similique.\n\nDelectus eum omnis maxime officia iste qui ab. Delectus ratione vel sit. Aut aut sequi provident.\n\nRecusandae non quia beatae dignissimos dolor eos animi. Eum est corrupti pariatur porro cumque autem. Quo nisi non delectus dolore cupiditate. Nam ea voluptatem fuga quo autem necessitatibus.\n\nProvident beatae cumque aut vero. Quia eligendi repellendus incidunt consectetur expedita neque a. Nostrum perferendis cupiditate aperiam repellat maiores dolore atque.', '17', 'f', '1068', '2025-11-18 01:50:17', '2025-11-18 01:50:17');
INSERT INTO posts (id, title, content, user_id, published, view_count, created_at, updated_at) VALUES ('110', 'Inventore reprehenderit non neque officiis fugit.', 'Officia similique neque ex. Adipisci consequatur at commodi saepe placeat aut. Laboriosam quia est ex quo deleniti dolor exercitationem iure. Eius dolorem et omnis. Ut occaecati sequi impedit debitis officia numquam earum.\n\nEnim nihil ullam modi et dolorem. Aut vero earum et dicta dolorem. Maxime non necessitatibus in harum rerum pariatur. Voluptates non laudantium doloribus tempore aut.\n\nMinus et similique neque natus. Magnam nam voluptatem sed repudiandae non hic. Exercitationem aliquid voluptas quam.\n\nDolor magni itaque repellat molestiae. Cum voluptatum veritatis ipsum eum vel sed.', '43', 't', '7699', '2025-09-10 04:19:54', '2025-09-10 04:19:54');
INSERT INTO posts (id, title, content, user_id, published, view_count, created_at, updated_at) VALUES ('111', 'Sequi aut sed mollitia.', 'Ea minus consequatur cum architecto odio. Dolorum quisquam eos enim magni autem qui. Et harum ut error quibusdam dolorum et illo. Enim ut qui reprehenderit reiciendis nesciunt.\n\nAlias a ut nostrum ut quidem voluptatibus tempore ea. Atque voluptate numquam quis vitae molestias sed veritatis. Minus ipsam nam quas nobis. Ea tempore a repellendus ullam temporibus.\n\nEos qui dolorem fuga magni ullam voluptatem enim impedit. Praesentium molestias consequuntur quo aperiam non amet. Suscipit amet officia quibusdam repellendus ut magnam. Excepturi molestiae aut molestiae libero non. Eos atque itaque dolore nisi vero nobis omnis.\n\nCommodi delectus quod voluptatem provident. Quidem ut eos amet amet. Ut facilis autem doloribus ut sint atque aut.\n\nSuscipit rerum perferendis autem inventore. Veniam quaerat et nulla voluptatibus eveniet. Tempore at cum dolorum ut provident quis.\n\nEt in et corrupti quam ipsam nemo explicabo totam. Nisi error quia totam eaque sint est voluptatibus itaque.', '5', 'f', '166', '2024-12-04 13:27:49', '2024-12-04 13:27:49');
INSERT INTO posts (id, title, content, user_id, published, view_count, created_at, updated_at) VALUES ('112', 'Eius voluptatem non dolore officiis dolores.', 'Odit repellendus laborum voluptatem placeat eum. Culpa quidem aut fuga maxime inventore. Voluptatem et est consequatur amet fugit.\n\nNulla quo quos velit et velit architecto modi. Officia hic distinctio non autem quos itaque nemo. Sit dolores velit dolorem odit.\n\nTenetur animi dolorem culpa et aperiam in deserunt. Delectus repudiandae enim hic asperiores. Accusamus et ea nemo autem et cumque.\n\nBeatae assumenda et quasi omnis et molestias. Ipsum laudantium qui aut autem. Distinctio numquam voluptatem ut inventore autem cumque aspernatur nam. Itaque laborum perspiciatis dolorum repudiandae tenetur ipsam quo.', '21', 't', '6101', '2025-09-25 21:36:50', '2025-09-25 21:36:50');
INSERT INTO posts (id, title, content, user_id, published, view_count, created_at, updated_at) VALUES ('113', 'Est consequatur cum nisi nisi.', 'Id distinctio aut et et alias ut sit. Molestias et et ab laboriosam. Similique consequatur accusantium amet sit amet. Quo odit est dolor.\n\nCumque rerum et aut dolorem voluptatibus dolor nesciunt. Cumque et voluptatem aut officia sed facilis ut. Vitae quaerat ad molestias error minima ratione.\n\nQui sed ad sit et. Dolore nihil corrupti omnis labore officia numquam delectus repellat. Autem sit libero facilis sapiente. Distinctio sit repellendus vitae placeat eius eaque quia saepe.\n\nSit qui explicabo beatae. Facere aut consectetur aliquid assumenda ut culpa mollitia. Est non est alias sint ipsum enim.\n\nTemporibus tempore eius sunt vel. Velit rerum at ea harum. Officia quo at officia nihil. Quia laudantium ex minima eligendi voluptatum.', '27', 't', '8624', '2025-07-26 04:18:55', '2025-07-26 04:18:55');
INSERT INTO posts (id, title, content, user_id, published, view_count, created_at, updated_at) VALUES ('114', 'Fugiat asperiores tenetur quasi necessitatibus libero.', 'Officiis quisquam eligendi consequatur cum sapiente consequatur. Laborum velit omnis omnis accusantium voluptatem harum. Numquam doloribus ipsam esse provident voluptas.\n\nIllum sed et et placeat totam qui. Id temporibus quia quia non non. Et et et aut deleniti vel. Delectus quos id aut quidem.\n\nEarum recusandae rerum sit et rerum pariatur magnam. In voluptatem beatae praesentium voluptate est sequi aut. Et assumenda nemo hic.\n\nEt dolorem ut consequatur ea molestias natus velit. Fuga placeat fugit consequatur consequatur. Culpa sunt asperiores autem ipsam omnis nisi fugiat. Totam sit ipsum eveniet occaecati.\n\nVero fugit ipsa saepe aut. Amet id eaque sed veritatis atque. Nostrum dignissimos architecto amet deserunt sequi beatae. Maiores voluptas ex optio eveniet.', '27', 't', '5461', '2025-08-20 23:29:47', '2025-08-20 23:29:47');
INSERT INTO posts (id, title, content, user_id, published, view_count, created_at, updated_at) VALUES ('115', 'Ipsum quia quia nam impedit dolor commodi.', 'Nisi quo maiores praesentium et perspiciatis aut. Error est recusandae laboriosam. Deleniti voluptas possimus velit possimus sequi totam sit. Ea et id nostrum et autem.\n\nDucimus quo optio porro ducimus qui. Dolor explicabo et alias ut quo. Dolorem voluptas quo dolor magni expedita. Et exercitationem in ut porro.\n\nUt ut minima dolores aut. Cum non perferendis cum voluptatem voluptatem esse rerum. Eos odit dolorem aut consectetur est.', '6', 'f', '8308', '2025-10-24 15:11:53', '2025-10-24 15:11:53');
INSERT INTO posts (id, title, content, user_id, published, view_count, created_at, updated_at) VALUES ('118', 'Saepe laborum saepe rerum officia inventore est nesciunt earum.', 'Similique sapiente aut ex ea possimus. Ex unde veritatis eos ab voluptatem vitae tempore pariatur. Dignissimos aliquam cum totam sint autem ut. Quam natus consequatur vero nostrum.\n\nVoluptas soluta voluptatem fugiat sed nisi ex laboriosam. Repellat quod magni quia. Distinctio deleniti aperiam voluptatem ea ullam incidunt. Iusto suscipit nihil ut provident.\n\nDoloribus ipsam autem reiciendis ad ut repudiandae sit. Dolorum unde omnis ut autem sapiente consequatur tenetur. Doloribus eum facilis deleniti.\n\nEnim ipsam facilis et quis labore aut. Ducimus aut omnis voluptas et et. In ratione sit fugiat numquam in rerum dolor ipsa. Quas rem distinctio voluptatibus nesciunt rerum ratione deleniti sit.\n\nQuos ut dignissimos unde alias in soluta rem. Rem sint et quisquam omnis autem quia facere. Delectus odit dicta corporis sunt error aut. Repellat voluptates omnis et quod ut inventore voluptatum corporis.', '15', 't', '1836', '2025-02-28 07:43:46', '2025-02-28 07:43:46');
INSERT INTO posts (id, title, content, user_id, published, view_count, created_at, updated_at) VALUES ('119', 'Perferendis est enim asperiores totam dolorum nisi.', 'Facilis aut veniam porro vel aut incidunt. Quae laboriosam id magni. Veniam placeat quis ducimus animi libero vel deserunt.\n\nVero est et ad ut qui perspiciatis. Soluta quia facilis a sequi neque distinctio. Tempore quaerat repellendus iure rerum. Ex labore consequatur expedita voluptatem blanditiis est est. Rerum eos nisi et temporibus ut nemo.\n\nUt doloribus omnis natus aut cumque doloremque. Omnis et provident modi. Voluptatem et tempore et rem laudantium ipsum adipisci.\n\nProvident dolorem molestiae sit ex sit. Odit rem repudiandae vero et. Praesentium quis rerum id non minus. Non possimus aspernatur iusto ad reiciendis error et.\n\nOccaecati molestiae corporis maiores atque expedita sed dolor. Quia modi debitis quo voluptatem cupiditate ducimus. Iure voluptas optio assumenda et occaecati ut quae. Maiores ipsa molestiae harum.\n\nExercitationem incidunt atque dolores dicta velit ducimus. Nulla quo totam velit omnis consequuntur incidunt sint nemo. Necessitatibus adipisci provident ullam neque.', '8', 't', '9459', '2025-04-13 22:31:00', '2025-04-13 22:31:00');
INSERT INTO posts (id, title, content, user_id, published, view_count, created_at, updated_at) VALUES ('120', 'Et commodi sed voluptatem eaque.', 'Occaecati et iste deleniti in dolor. A sint illum molestiae non iste rerum. Molestiae voluptatem sit id accusamus est porro.\n\nImpedit quisquam voluptatem autem laboriosam saepe id quibusdam. Autem adipisci quia est error. Dolorum recusandae molestiae placeat dolores quia ut omnis suscipit.\n\nPraesentium tempora qui iusto ut assumenda. Assumenda sit voluptas sint sunt nesciunt. Et voluptas non nobis tenetur incidunt. Tenetur veniam quibusdam nobis dolorum autem in consequatur facilis. Qui eveniet provident autem aperiam.\n\nModi ad neque ipsum quia. Non optio nulla accusamus exercitationem. Minus non incidunt sequi doloribus. Odio repellendus ut a ut omnis.\n\nVeritatis dolores labore ipsa. Ea nostrum doloremque vitae ipsam. Voluptates hic et ut architecto libero minus.\n\nDistinctio nemo in alias. Quisquam rerum veritatis velit minus explicabo. Doloremque et soluta eius quam sit distinctio earum.', '30', 't', '4043', '2024-12-04 00:31:57', '2024-12-04 00:31:57');
INSERT INTO posts (id, title, content, user_id, published, view_count, created_at, updated_at) VALUES ('121', 'Vel incidunt autem consequatur fugit.', 'Rem voluptatem quasi sit ut. Eos dolorum necessitatibus dolorem sit. Sit porro sapiente accusantium mollitia inventore hic animi in. Quas at exercitationem sequi quibusdam quam nostrum inventore magnam.\n\nError ut sequi eveniet explicabo et perferendis explicabo iusto. Aut reprehenderit a sunt eos sit. Eius pariatur alias modi.\n\nLabore beatae sint molestiae ducimus. Dolorem amet aliquid iure aspernatur beatae doloremque. Quaerat saepe qui iure dolor enim neque est.', '10', 't', '8488', '2025-06-16 11:13:41', '2025-06-16 11:13:41');
INSERT INTO posts (id, title, content, user_id, published, view_count, created_at, updated_at) VALUES ('122', 'Nihil et dolores ipsa quod dolorem.', 'Et ratione veritatis animi facilis fuga perferendis corporis. Fuga neque facere enim expedita fuga ut praesentium dicta. Minus laudantium id omnis ut. Ut et blanditiis dicta natus.\n\nAt ipsa qui modi quisquam voluptas ipsa. Quisquam sed cupiditate ut. Iure aliquam expedita quisquam aspernatur nam. Doloribus quia mollitia voluptas porro consequuntur et.\n\nVero unde non aperiam ea aut qui. Sed dolorem quia alias. Sapiente odit temporibus accusantium.\n\nQuia suscipit autem blanditiis molestiae qui optio maxime. Eos officiis ea voluptas quasi. Quasi repellat beatae magnam laborum. Quam tempore fugiat quia atque maxime.', '34', 't', '8717', '2025-07-03 13:15:22', '2025-07-03 13:15:22');
INSERT INTO posts (id, title, content, user_id, published, view_count, created_at, updated_at) VALUES ('123', 'Qui odit culpa aut harum.', 'Assumenda dignissimos dolores quia hic. Error neque quibusdam et minus rerum. Est harum fugiat provident doloremque sit.\n\nEst dolor pariatur veritatis id beatae corrupti rem. Optio quidem rerum rem dolorum aut. Aspernatur est ipsum pariatur rerum repellendus.\n\nUt quisquam molestiae sed vero dicta a. Voluptatem illum et illum doloribus aut. Quaerat dolore magnam tempora laborum.\n\nItaque rerum nemo non exercitationem et. Eos doloremque natus aut distinctio quidem. Sit sint reprehenderit et sit beatae eos. Vel voluptatibus molestias eveniet qui.', '29', 't', '5043', '2025-04-15 17:03:17', '2025-04-15 17:03:17');
INSERT INTO posts (id, title, content, user_id, published, view_count, created_at, updated_at) VALUES ('124', 'Odio quasi est vitae.', 'Cupiditate unde optio et et consequatur itaque autem et. Molestiae voluptas veritatis voluptatem et odit voluptatem praesentium. Voluptatibus odio aspernatur distinctio recusandae cum. Temporibus quis quis in nulla.\n\nDucimus molestiae amet vitae eum. Cupiditate ipsa eum rerum qui sed sapiente. Mollitia sunt dolores voluptatem est blanditiis.\n\nError debitis in libero doloribus. Et qui sint quia deserunt eum. Iure ut et voluptas animi delectus. Voluptatum nihil quia sed numquam id.\n\nQuas saepe atque sint tempore earum odio qui. Autem modi quia laborum pariatur repellat. Aut facilis dignissimos possimus voluptate porro vitae illum. Velit quas vero in fugiat quo.\n\nEnim qui est ut dolorem voluptas at. Doloribus consequatur est deserunt voluptas non quos porro. Animi magni eius natus voluptas architecto repudiandae et. Possimus quibusdam facilis nihil voluptatem in quis itaque.', '37', 't', '2450', '2025-08-05 05:48:10', '2025-08-05 05:48:10');
INSERT INTO posts (id, title, content, user_id, published, view_count, created_at, updated_at) VALUES ('125', 'Sint nulla et provident sed placeat esse.', 'Optio sit fuga ea ea culpa est voluptatum qui. Ab vero ut rem. Reprehenderit enim vel praesentium rem. Possimus voluptatibus et reiciendis omnis accusamus praesentium dolorum.\n\nSint maxime aut voluptas quia aut placeat non reprehenderit. Blanditiis ut qui aliquid voluptatem maiores. Accusamus voluptatibus quis et exercitationem laudantium.\n\nQuam quam voluptate dolorum nostrum eos. Ut ullam sapiente sunt rerum sed molestias architecto mollitia. Molestias ex reiciendis ut rerum totam ut. Ut iure esse porro rerum ullam voluptas quis. Et animi maxime consectetur vel.\n\nVeritatis in accusamus dolores vero molestiae eum rem et. Animi molestias quasi qui quia. Id vitae quam magni eius.', '45', 'f', '7995', '2025-04-06 07:18:46', '2025-04-06 07:18:46');
INSERT INTO posts (id, title, content, user_id, published, view_count, created_at, updated_at) VALUES ('126', 'Tenetur aut nam modi quod voluptatem et et et velit.', 'Minus voluptatem voluptates et itaque odio recusandae non laudantium. Illo sit sint nostrum quae nulla libero neque. Eius consequatur praesentium in aut tenetur distinctio.\n\nNam voluptas enim nihil vel molestias laudantium molestiae. Rerum consectetur qui corporis rem amet. Dolorum distinctio laboriosam non dolores ratione explicabo commodi.\n\nVoluptate officiis animi quidem aliquid vero. Aut at voluptates excepturi ab molestiae officiis. Officiis nulla saepe autem nihil iste fugiat.\n\nMolestiae porro soluta in totam voluptas. Molestias eaque natus et reiciendis sit.', '13', 'f', '7159', '2025-08-30 13:18:27', '2025-08-30 13:18:27');
INSERT INTO posts (id, title, content, user_id, published, view_count, created_at, updated_at) VALUES ('127', 'Maxime aliquid et ex velit repellat rerum mollitia laborum.', 'Aliquid molestiae officiis facere labore earum. Itaque et error repellendus dolor commodi. Et quia est enim aut beatae. Magnam officia autem aut qui ad reprehenderit ea.\n\nNumquam ut quia eum exercitationem. Et hic voluptas qui ab odio. Ratione quibusdam laboriosam atque officiis. Et quam explicabo quae voluptatem adipisci et voluptatum. Minima neque facilis corporis aut voluptate quod.\n\nRerum consequatur sapiente deserunt. Placeat nihil incidunt dicta blanditiis beatae veniam.\n\nFacilis quod qui facere quo accusantium doloribus. Eos adipisci omnis ullam aut et dolore expedita. Qui perspiciatis sit aliquid et. Sunt corrupti voluptates sunt doloribus sed sed.', '12', 't', '8317', '2024-11-30 06:49:16', '2024-11-30 06:49:16');
INSERT INTO posts (id, title, content, user_id, published, view_count, created_at, updated_at) VALUES ('128', 'Ipsum perferendis ipsum et repellendus ut.', 'Dicta aut perspiciatis repellendus accusamus commodi. Velit quia et aut rerum.\n\nRem aliquam sapiente officiis eveniet et. Blanditiis ipsam ipsa nihil voluptatum qui nostrum et culpa. Eius molestias facilis ea ad rerum omnis ad. Et quia asperiores doloremque.\n\nFacilis facere occaecati cum magnam est voluptatem amet. Est sunt ipsam ut atque eaque voluptatem sunt praesentium.\n\nInventore sint reiciendis asperiores ad. Exercitationem aut sequi dolores. Nostrum earum nobis expedita sed doloremque dolor nostrum.', '4', 'f', '196', '2025-11-05 11:07:43', '2025-11-05 11:07:43');
INSERT INTO posts (id, title, content, user_id, published, view_count, created_at, updated_at) VALUES ('129', 'Quia sed consectetur voluptas dolore.', 'Molestias fugit accusantium tenetur optio fugit exercitationem. Et debitis facere nemo maiores suscipit ex. Assumenda et quia tempora. Distinctio nesciunt velit incidunt omnis incidunt error.\n\nAut rerum et dolores et sint quo ea dignissimos. Minus sed tempora accusamus doloribus est. Unde qui voluptatum doloremque beatae dolore aut dolorum quis.\n\nFugiat tenetur sit et ex. Tenetur omnis eveniet qui repudiandae.\n\nExpedita sint perspiciatis odit voluptates hic. Consectetur reprehenderit suscipit velit. Labore deleniti numquam et reiciendis et mollitia. At quasi alias aperiam officiis et numquam non. Totam numquam et qui tempore ad aut.', '32', 't', '7945', '2025-04-10 19:35:35', '2025-04-10 19:35:35');
INSERT INTO posts (id, title, content, user_id, published, view_count, created_at, updated_at) VALUES ('130', 'Vel pariatur nesciunt ut vitae aliquid veritatis.', 'Vel voluptatem dolores non et aut voluptate sequi. Reprehenderit velit officia inventore mollitia itaque delectus. Ipsam voluptatibus non inventore magni laudantium at et. Voluptatem ipsam ut et quaerat nam animi ex commodi.\n\nAut qui dolores aperiam dolores sapiente repellendus. Dolorem sunt dolorum et laudantium maiores tempora sit. Esse nihil rem maiores et corrupti sit.\n\nDolores vitae provident et dolorum sit. Quis labore esse illum vel sed totam. Delectus modi culpa aut tenetur.\n\nUt aperiam corporis non et tenetur dolor sequi. Veritatis voluptates est at sed quaerat nostrum. Ab voluptate eos quia sed ab deserunt necessitatibus.\n\nEt velit voluptas et sed sit laborum. Dolorum voluptatem qui sit dolore. Tempore aut aut saepe minima. Itaque voluptatem delectus et.\n\nRerum blanditiis qui voluptates sit voluptatem ducimus. Possimus hic molestiae adipisci cum aut ipsam aut voluptatibus. Qui aut est ut eos aut accusantium. Est qui libero qui.', '41', 'f', '9356', '2025-05-12 03:26:29', '2025-05-12 03:26:29');
INSERT INTO posts (id, title, content, user_id, published, view_count, created_at, updated_at) VALUES ('131', 'Exercitationem ipsum et sequi eaque.', 'Voluptas dolorum sed ducimus suscipit inventore. Itaque laboriosam deserunt quo.\n\nOdit voluptates deleniti mollitia perspiciatis tenetur ut animi harum. Dolore deserunt vel quas non perferendis.\n\nNatus nam id quam magnam suscipit est molestias illo. Voluptatem consequatur nam quos molestias. Aut voluptas illum eaque sed aut quia.\n\nNon culpa unde dicta dignissimos minima itaque. Corrupti aut atque voluptatem veniam qui. Et iste magnam commodi beatae consequatur. Atque ut adipisci non iure quod corporis praesentium.\n\nIpsa ut voluptatum et. Sunt quis consequatur voluptate eum iusto possimus. Unde saepe reiciendis ut quam mollitia dolor.\n\nVoluptates tempora eligendi rerum numquam voluptatem ullam. Neque quam cum voluptas dignissimos. Voluptas vel totam laudantium omnis nam qui et. Vel repellat quia dolor quam omnis.', '18', 't', '8815', '2025-10-05 15:56:08', '2025-10-05 15:56:08');
INSERT INTO posts (id, title, content, user_id, published, view_count, created_at, updated_at) VALUES ('132', 'Sit consequatur quasi autem ratione voluptatem et.', 'Velit fugit qui cumque molestiae esse quis. Et ea adipisci repellendus quas eveniet enim non. Et ut ut laborum voluptas non eligendi. Cumque dolore ullam omnis veritatis.\n\nDolor accusamus eum dolor aut culpa mollitia iure. Et autem repellat qui qui accusantium aperiam. Illum aut ducimus ut est ratione soluta iste.\n\nQuos atque et at non maxime quis omnis. Occaecati dolorem aliquid quia sapiente sit aut. Quia velit cum magnam necessitatibus asperiores debitis.\n\nIpsum eos ipsam quia unde. Dolor atque sit magnam placeat quibusdam. Mollitia et dolor accusantium laborum recusandae possimus assumenda. Voluptas sit rem impedit velit et odit sit. Unde iure aspernatur quia ratione.', '21', 't', '9805', '2025-09-05 13:24:54', '2025-09-05 13:24:54');
INSERT INTO posts (id, title, content, user_id, published, view_count, created_at, updated_at) VALUES ('133', 'Neque autem numquam doloremque accusamus aspernatur.', 'Aut placeat rerum dicta voluptatem. Est fuga non ut aut. Facere ex earum quaerat.\n\nEos pariatur dolore dolores non reprehenderit. Cupiditate non nulla pariatur accusamus. Sed qui soluta distinctio sit sed voluptatem expedita. Laborum illum alias repudiandae reiciendis amet dolores.\n\nQui voluptas voluptatum nulla ducimus fuga distinctio. Unde perferendis qui nulla fugiat enim. Voluptatem ut inventore distinctio quibusdam magnam.\n\nQuis vel excepturi est voluptatum qui sunt. Minima hic ut voluptates autem perspiciatis quas esse aliquid. Expedita corporis fugit officiis quasi consectetur eos dolor pariatur. Nemo cum et sit pariatur a voluptatem non quae.', '29', 't', '4176', '2025-02-09 03:20:02', '2025-02-09 03:20:02');
INSERT INTO posts (id, title, content, user_id, published, view_count, created_at, updated_at) VALUES ('134', 'Et eum reprehenderit recusandae molestiae.', 'Doloribus natus commodi non vel expedita aliquam. Unde eius sit nisi. Asperiores culpa laborum eius et cumque nemo magni ipsum. Illo maiores rerum dolore pariatur omnis dolores. Ab ut veniam incidunt est voluptatem.\n\nUt inventore eum ratione dignissimos. Vel consequatur porro eligendi impedit facilis.\n\nOmnis quae quis est occaecati facere. Neque eligendi dicta iusto hic ea. Autem sapiente quibusdam fuga. Minus in maxime ipsum quidem id.\n\nEnim quia itaque modi. Tempore eius porro saepe. Odio veniam eius qui dolor.', '38', 'f', '4503', '2025-02-22 02:31:38', '2025-02-22 02:31:38');
INSERT INTO posts (id, title, content, user_id, published, view_count, created_at, updated_at) VALUES ('135', 'Qui sunt placeat qui.', 'Repellat fugiat enim animi neque. Non harum vel atque libero pariatur vero sed iste. Et rerum ipsum velit sapiente qui.\n\nRerum totam aspernatur perferendis doloremque quis aut id. Aut error molestiae et facere aut. Est sed nobis unde voluptatibus eveniet.\n\nModi et minima sunt quo ipsum. Dolor et doloribus voluptate voluptas. Natus tenetur temporibus facilis ut sed et. Libero temporibus est eveniet suscipit velit quod atque.', '21', 't', '4408', '2025-09-14 12:52:42', '2025-09-14 12:52:42');
INSERT INTO posts (id, title, content, user_id, published, view_count, created_at, updated_at) VALUES ('136', 'Incidunt debitis molestiae.', 'A quia eos aspernatur vel nisi consequatur. In quas explicabo sed. Commodi magnam ea sed doloribus. Fugit vel sequi qui exercitationem.\n\nVoluptatem ad ducimus architecto nihil. Dolor voluptatem dolorem fugit reiciendis.\n\nLaudantium provident aut qui nemo ex saepe. Pariatur illo nihil fuga tempore.\n\nEt perspiciatis autem est eaque voluptas. Et in quae expedita et possimus et ullam. Et non quia omnis repudiandae voluptates totam. Voluptatem velit voluptatem rerum.', '26', 't', '7990', '2025-09-15 07:52:23', '2025-09-15 07:52:23');
INSERT INTO posts (id, title, content, user_id, published, view_count, created_at, updated_at) VALUES ('137', 'Voluptatem sed quasi atque non.', 'Eum doloribus tempora facere est a odio doloribus. Magni maiores itaque qui laboriosam cupiditate.\n\nMolestias nihil dolore ab repudiandae sit eum eaque commodi. Vero quidem ut enim atque iste voluptatem. Eum voluptates voluptas aspernatur quam.\n\nSed optio et cum dignissimos. Aut est corrupti praesentium ea. Natus ut assumenda culpa et alias. Assumenda iusto placeat quis eum minus dolorum. Quia ea et ipsum nulla qui necessitatibus est.', '45', 't', '1107', '2025-04-17 13:23:11', '2025-04-17 13:23:11');
INSERT INTO posts (id, title, content, user_id, published, view_count, created_at, updated_at) VALUES ('139', 'Error in quo autem facere esse et eius quia ipsam.', 'Quaerat excepturi molestias laudantium. Et accusantium voluptate ad odit officiis quod facilis eveniet. Aut sit et accusamus repellendus aut nobis minus.\n\nExcepturi a necessitatibus reiciendis sed nihil sint inventore. Debitis dolorum est neque id quia dolores eius.\n\nIn deleniti nesciunt amet ipsum dolores temporibus velit. Nisi adipisci aut assumenda rem. Iusto ut ipsam nobis facere tempora fugit adipisci et.\n\nNihil provident ea natus consectetur harum vero. Facilis enim praesentium inventore dolores id libero.\n\nNihil et aut eligendi eum et aperiam. Ducimus odit sequi quo asperiores rerum. Repellendus ex architecto nostrum eos tenetur id magnam dolores. Et expedita repudiandae ea saepe enim fugiat deserunt. Similique quos et voluptate.', '21', 'f', '9423', '2024-12-04 15:03:48', '2024-12-04 15:03:48');
INSERT INTO posts (id, title, content, user_id, published, view_count, created_at, updated_at) VALUES ('140', 'Similique explicabo accusantium doloribus.', 'Atque voluptatibus et fugit cum porro. Voluptatem rem sint optio consequatur. Eaque veniam doloribus mollitia temporibus voluptas. In nobis dolorem non repellat repellat maiores corrupti.\n\nIpsum impedit ea esse reprehenderit soluta molestiae laboriosam. Odio perspiciatis animi et dolores exercitationem.\n\nVoluptate quis neque mollitia animi temporibus. In quasi repellat quia sunt accusantium voluptatem nihil. Possimus quisquam omnis perferendis recusandae deleniti nihil neque. Et beatae sapiente odit nam doloribus corrupti et eaque. Neque sint doloribus accusantium.\n\nMagnam aut illo minima eos et tempora delectus ratione. Porro aut voluptatum quam et necessitatibus id debitis doloremque. Omnis aspernatur recusandae vel dolorem blanditiis dolor deserunt.', '35', 't', '524', '2025-02-14 23:08:42', '2025-02-14 23:08:42');
INSERT INTO posts (id, title, content, user_id, published, view_count, created_at, updated_at) VALUES ('141', 'Repellat labore atque et amet facilis dolorem.', 'Rem quod illo culpa ullam. Minus labore ipsum beatae iusto laborum magni qui. Deleniti mollitia quia blanditiis velit amet odio optio iste.\n\nAmet sed nobis ea in cum qui fugiat. Voluptates fugit harum et id quia velit. Delectus maxime placeat ipsam quas esse est. Voluptates nisi aut sequi omnis autem est odit.\n\nTenetur aut omnis recusandae repudiandae qui. Et sit explicabo sequi sequi dolor sed qui. Id praesentium ut commodi aut a porro reprehenderit ratione.\n\nDolore voluptatum veniam animi. Atque aut qui magnam nesciunt rerum neque. Id nihil fugit explicabo repellat qui amet. Et explicabo aperiam dolores blanditiis.\n\nVitae qui soluta dolorum et autem nam dolorum sint. Provident et fugit maiores tenetur aut. Harum soluta nemo ea et tempora quisquam occaecati.', '19', 't', '4914', '2025-06-20 14:18:03', '2025-06-20 14:18:03');
INSERT INTO posts (id, title, content, user_id, published, view_count, created_at, updated_at) VALUES ('142', 'Doloremque quaerat rerum sit similique earum molestias quia qui.', 'Quas dolorem quo aperiam culpa. Et doloribus fugiat et porro aut nisi. Et accusamus blanditiis cum. Qui autem a deleniti enim et.\n\nEt ut enim qui est aut sed omnis eum. Numquam et voluptate quos accusamus molestias. Sapiente ut esse est velit facere voluptatibus consequatur.\n\nVoluptatem dolores ullam sint mollitia esse doloremque. Est commodi molestias fugiat et assumenda. Veritatis et quo hic possimus enim assumenda.\n\nSit quisquam non magnam quia. Voluptas et sed magnam in nihil. Perspiciatis maiores minus ipsam et velit.\n\nAdipisci corrupti consectetur et fugit perspiciatis. Modi sit ea reiciendis temporibus id molestias et fugiat. Similique velit labore quisquam temporibus in nobis.\n\nVoluptas illo consequatur impedit reiciendis non. Ea repudiandae dolorem veritatis molestias eaque exercitationem.', '32', 'f', '5879', '2025-05-29 09:12:38', '2025-05-29 09:12:38');
INSERT INTO posts (id, title, content, user_id, published, view_count, created_at, updated_at) VALUES ('143', 'Ea dignissimos ad eveniet magnam ad officia commodi sint vitae veniam.', 'Est vel molestiae expedita ratione in. Est reprehenderit tempore vitae dolores. Laborum quod est occaecati et qui aspernatur.\n\nEnim incidunt autem ratione eum repudiandae. Tenetur qui esse iusto magnam qui. Dolorem sit inventore qui consequuntur. Sed officia eaque quis.\n\nConsequatur fugit quia veritatis quae. Quia tenetur perspiciatis quia nam nihil quo sapiente. Et fugiat magni magni voluptatem. Deleniti possimus ullam iusto perferendis in sint.\n\nSed consequatur itaque iusto est et ipsam. Porro dignissimos doloremque provident et ratione tempore. Eligendi ea iusto fuga. At aut consequatur ipsum.\n\nPraesentium et ut minus optio possimus. Voluptatem et aperiam dolorem id eveniet autem. Dolorem adipisci a molestiae illum.\n\nSint saepe eos ut quis. Voluptas quisquam quo quis sed. Est ut molestiae sequi.', NULL, 't', '4037', '2024-07-18 21:59:11', '2025-11-29 05:23:46');
INSERT INTO posts (id, title, content, user_id, published, view_count, created_at, updated_at) VALUES ('144', 'Eos ut vitae corrupti adipisci.', 'Nesciunt hic cumque animi ab. Facere qui maxime sed nobis deserunt. Exercitationem voluptatem voluptas blanditiis excepturi. Eum dolorem sunt esse aut.\n\nMaiores aut numquam doloribus non ut et. Nisi omnis consequatur tempore libero. Saepe voluptatem qui unde voluptatibus.\n\nBlanditiis fugit voluptatibus a ipsum debitis quam cum eos. Quasi voluptate quo est voluptate perferendis. Voluptatem dolores illum repellendus molestiae dolorem veritatis. Iste nobis eaque ut.\n\nDolor optio rerum sint possimus quis consequatur perferendis. Aspernatur illum nesciunt ullam voluptates sunt dolores. Laboriosam nihil blanditiis officiis iusto velit eum.', NULL, 't', '4769', '2024-11-16 02:39:16', '2025-11-29 05:23:46');
INSERT INTO posts (id, title, content, user_id, published, view_count, created_at, updated_at) VALUES ('145', 'Quam impedit voluptatem dignissimos cum.', 'Porro possimus et voluptatum et sequi qui aut. Quaerat distinctio nisi veritatis et omnis rerum. Sed et neque qui. Quos reiciendis culpa illum distinctio.\n\nHarum alias porro eligendi nam. Ipsa aspernatur odio doloremque reprehenderit suscipit tenetur suscipit. Necessitatibus ut quia reiciendis repellendus modi exercitationem. Quia iusto quis ut quo voluptatum cupiditate sit.\n\nQui et molestiae minima officiis. Et ratione necessitatibus id aut. Aliquid quam minus similique.', NULL, 't', '3771', '2024-09-24 01:47:50', '2025-11-29 05:23:46');
INSERT INTO posts (id, title, content, user_id, published, view_count, created_at, updated_at) VALUES ('146', 'Vel assumenda assumenda.', 'Aliquam aut quaerat accusamus et quisquam aut. Necessitatibus id aut aspernatur sunt esse aut. Rerum error beatae vel eligendi eveniet exercitationem cum. Saepe non omnis sit et.\n\nVitae quisquam deleniti placeat quia aut accusantium. Optio officiis maxime quis quisquam. Eveniet voluptas suscipit beatae similique adipisci. Dolores modi ut repellendus expedita quos nihil soluta.\n\nA nam explicabo facere impedit minus ad id laboriosam. Enim tempore sit blanditiis dignissimos facere voluptates reprehenderit ipsum. Ad et aut qui inventore voluptatibus. Nemo ratione sed officia nemo itaque rerum.\n\nConsequatur minus vero ipsa et voluptatem provident ratione. Voluptas nihil fugit recusandae consequatur. Assumenda quam quaerat ut dolores impedit. Minus reiciendis et eveniet sed explicabo.\n\nIpsa numquam id est et sit est ipsum. Quaerat voluptas facilis exercitationem quos blanditiis voluptate. Minus ut quis ut. Error deleniti aliquam voluptas aut delectus.\n\nQui praesentium ea molestiae ab atque perferendis corrupti et. Aut deserunt nam molestias placeat at quos. Quis itaque praesentium fuga et tempora exercitationem quaerat. Sint qui ea ut blanditiis deserunt.', NULL, 'f', '3308', '2024-11-08 08:12:15', '2025-11-29 05:23:46');
INSERT INTO posts (id, title, content, user_id, published, view_count, created_at, updated_at) VALUES ('147', 'Debitis est libero soluta.', 'Architecto nemo ipsam vero ad accusantium numquam saepe. Laboriosam sunt aut sed eaque. Eum eum quia eligendi ducimus velit earum in. Ipsa expedita nobis eaque error voluptate at ut.\n\nA est inventore rerum quae. Officiis repellendus earum harum ab. Officiis iure ab nisi perspiciatis suscipit consequatur. Qui saepe blanditiis ab expedita consequuntur.\n\nMagni ut et voluptates et veritatis suscipit veritatis. Accusamus enim asperiores architecto minus et itaque. Dolores ut quod explicabo ut quia ut aut. Et laborum aut error voluptatem.\n\nFacilis neque ab sit eum voluptas. Doloribus suscipit enim velit ex. Consequuntur accusantium minima pariatur voluptatem delectus consequatur. Tempora sit unde officiis quibusdam fugiat. Rem corrupti quis totam consequatur ratione cupiditate.\n\nEst fuga et id quaerat nostrum. Quisquam reiciendis iste illum dolor. Voluptates aut iste necessitatibus. Quia expedita velit ea.\n\nSoluta ullam exercitationem perspiciatis omnis. Et ad corporis iusto odit cum. Id sed debitis maiores quae. Et aliquam incidunt sed quia voluptates ut ex.', NULL, 'f', '2660', '2024-11-04 05:19:47', '2025-11-29 05:23:46');
INSERT INTO posts (id, title, content, user_id, published, view_count, created_at, updated_at) VALUES ('148', 'Unde enim vitae.', 'Nisi dolorem sint enim repellendus voluptatem voluptas quod. Eos voluptatem fuga maiores quia voluptate est ea vel. Fugit sit non maxime molestiae assumenda quae magnam saepe. Facere sequi consequatur voluptate eos iste.\n\nMollitia natus minus quibusdam ut. Cumque repellat consectetur sed beatae dolorum distinctio explicabo doloremque. Excepturi et voluptates velit eos perferendis. Eveniet hic ut omnis dolore veritatis dolores qui.\n\nVeniam minima consequatur id voluptas. Enim deserunt rerum et maxime aut praesentium sint. Error dolore dolor illo vel ut cumque. Optio iure labore dolore sit.\n\nAccusantium voluptas dicta et. Omnis consectetur est asperiores ipsa reprehenderit. Error autem numquam natus consectetur.\n\nFugit natus consequatur ut ad numquam. Aut voluptatibus reprehenderit minus aut dignissimos odio dolores sequi. Quis illo ullam dolore nobis non aut numquam voluptate. Nobis iste consequatur aperiam consequatur.\n\nOmnis recusandae sit sed molestiae. Quos occaecati explicabo nisi cupiditate. Vero et exercitationem dolorem eos ex perspiciatis perspiciatis. Nesciunt quidem qui culpa totam eveniet expedita.', NULL, 't', '3028', '2024-07-13 11:57:24', '2025-11-29 05:23:46');
INSERT INTO posts (id, title, content, user_id, published, view_count, created_at, updated_at) VALUES ('149', 'Non sapiente iste atque voluptas asperiores eaque.', 'Saepe nihil culpa aperiam accusantium. Dolores soluta qui quibusdam aut sed. Magni voluptas veritatis sed vero est consequatur laboriosam. Vel magnam eum occaecati sit ullam aspernatur.\n\nQuia omnis sunt hic voluptatem mollitia similique et. Dignissimos dolor et voluptates sequi sint doloribus. Nulla itaque magni perspiciatis commodi qui aspernatur.\n\nVoluptates quia tenetur corporis non. Nostrum doloremque consequuntur ut nostrum.', NULL, 'f', '3068', '2024-05-19 13:45:49', '2025-11-29 05:23:46');
INSERT INTO posts (id, title, content, user_id, published, view_count, created_at, updated_at) VALUES ('150', 'Omnis dolores quae eos accusamus est debitis id non veritatis itaque.', 'Laborum a possimus quia qui consequuntur earum. Quas explicabo ut repellendus quia. Maiores voluptas quia quia aperiam qui dolorem. Consequatur voluptatem provident culpa aut possimus sed officiis corrupti. Qui ipsum architecto dolores recusandae temporibus qui.\n\nNon atque sed debitis magnam voluptatem et. Quisquam qui maiores eum. Ipsa et laboriosam quis repellendus. Fuga sed quia voluptatem in nemo consequatur et.\n\nAutem sunt eius fugit sed voluptas soluta. Ab ipsam quae velit ad omnis fuga. Eveniet voluptatem excepturi fugiat a quo ut quis. Aperiam corrupti voluptatibus nam reprehenderit vitae ut blanditiis.\n\nAut optio dolore deleniti aut corrupti. Porro eveniet sunt necessitatibus omnis sed quos eaque. Cupiditate quidem ut quasi nesciunt.\n\nEx qui aut cumque dolorem error velit vel. Expedita sit repellendus aut amet fugit consequatur. Velit rem earum sunt non sed ipsa sed ut.\n\nPorro nostrum accusamus necessitatibus molestiae quo earum aut repellat. Voluptatem sed quibusdam ex tenetur adipisci. Eum temporibus itaque quos nihil quia.', NULL, 't', '4394', '2024-03-23 10:29:55', '2025-11-29 05:23:46');

-- Customers data

INSERT INTO customers (id, email, created_at, updated_at) VALUES ('1', 'tre.mertz@example.com', '2025-11-13 08:02:03', '2025-11-29 05:23:46');
INSERT INTO customers (id, email, created_at, updated_at) VALUES ('2', 'ankunding.lucile@example.com', '2025-08-11 04:42:31', '2025-11-29 05:23:46');
INSERT INTO customers (id, email, created_at, updated_at) VALUES ('3', 'otto59@example.com', '2025-04-23 07:51:25', '2025-11-29 05:23:46');
INSERT INTO customers (id, email, created_at, updated_at) VALUES ('4', 'qyundt@example.com', '2025-04-26 01:15:15', '2025-11-29 05:23:46');
INSERT INTO customers (id, email, created_at, updated_at) VALUES ('5', 'andrew.west@example.net', '2025-05-17 10:58:06', '2025-11-29 05:23:46');
INSERT INTO customers (id, email, created_at, updated_at) VALUES ('6', 'isteuber@example.net', '2025-11-17 03:47:13', '2025-11-29 05:23:46');
INSERT INTO customers (id, email, created_at, updated_at) VALUES ('7', 'kenna12@example.com', '2025-09-18 10:03:09', '2025-11-29 05:23:46');
INSERT INTO customers (id, email, created_at, updated_at) VALUES ('8', 'consuelo.zboncak@example.net', '2025-11-20 10:01:41', '2025-11-29 05:23:46');
INSERT INTO customers (id, email, created_at, updated_at) VALUES ('9', 'wweimann@example.org', '2025-08-09 21:46:47', '2025-11-29 05:23:46');
INSERT INTO customers (id, email, created_at, updated_at) VALUES ('10', 'lang.delores@example.org', '2025-04-03 22:51:31', '2025-11-29 05:23:46');
INSERT INTO customers (id, email, created_at, updated_at) VALUES ('11', 'fatima.hintz@example.org', '2025-08-17 18:50:05', '2025-11-29 05:23:46');
INSERT INTO customers (id, email, created_at, updated_at) VALUES ('12', 'ernie37@example.org', '2025-06-12 03:33:25', '2025-11-29 05:23:46');
INSERT INTO customers (id, email, created_at, updated_at) VALUES ('13', 'jimmie.terry@example.net', '2025-09-01 04:09:44', '2025-11-29 05:23:46');
INSERT INTO customers (id, email, created_at, updated_at) VALUES ('14', 'wisozk.jarret@example.com', '2025-06-12 13:35:36', '2025-11-29 05:23:46');
INSERT INTO customers (id, email, created_at, updated_at) VALUES ('15', 'padberg.lorena@example.net', '2024-12-08 00:14:57', '2025-11-29 05:23:46');
INSERT INTO customers (id, email, created_at, updated_at) VALUES ('16', 'jarvis34@example.org', '2025-01-05 09:54:25', '2025-11-29 05:23:46');
INSERT INTO customers (id, email, created_at, updated_at) VALUES ('17', 'cfunk@example.com', '2025-04-18 23:15:00', '2025-11-29 05:23:46');
INSERT INTO customers (id, email, created_at, updated_at) VALUES ('18', 'anastasia.orn@example.net', '2025-11-18 16:26:38', '2025-11-29 05:23:46');
INSERT INTO customers (id, email, created_at, updated_at) VALUES ('19', 'teagan29@example.org', '2025-11-22 18:51:44', '2025-11-29 05:23:46');
INSERT INTO customers (id, email, created_at, updated_at) VALUES ('20', 'senger.wendy@example.net', '2025-06-17 18:21:03', '2025-11-29 05:23:46');
INSERT INTO customers (id, email, created_at, updated_at) VALUES ('21', 'wklein@example.net', '2025-07-09 13:01:42', '2025-11-29 05:23:46');
INSERT INTO customers (id, email, created_at, updated_at) VALUES ('22', 'remington86@example.org', '2025-08-24 06:29:13', '2025-11-29 05:23:46');
INSERT INTO customers (id, email, created_at, updated_at) VALUES ('23', 'will.michelle@example.com', '2025-07-16 08:06:36', '2025-11-29 05:23:46');
INSERT INTO customers (id, email, created_at, updated_at) VALUES ('24', 'yhegmann@example.net', '2025-02-19 15:01:52', '2025-11-29 05:23:46');
INSERT INTO customers (id, email, created_at, updated_at) VALUES ('25', 'devonte.collier@example.net', '2025-08-24 08:51:44', '2025-11-29 05:23:46');
INSERT INTO customers (id, email, created_at, updated_at) VALUES ('26', 'huel.nichole@example.org', '2025-04-19 17:57:42', '2025-11-29 05:23:46');
INSERT INTO customers (id, email, created_at, updated_at) VALUES ('27', 'glangworth@example.com', '2025-07-02 22:58:41', '2025-11-29 05:23:46');
INSERT INTO customers (id, email, created_at, updated_at) VALUES ('28', 'roderick08@example.org', '2025-07-01 22:59:29', '2025-11-29 05:23:46');
INSERT INTO customers (id, email, created_at, updated_at) VALUES ('29', 'barney.rogahn@example.com', '2025-05-12 12:29:37', '2025-11-29 05:23:46');
INSERT INTO customers (id, email, created_at, updated_at) VALUES ('30', 'fay.max@example.org', '2025-10-05 18:09:23', '2025-11-29 05:23:46');
INSERT INTO customers (id, email, created_at, updated_at) VALUES ('31', 'little.mekhi@example.net', '2025-06-21 08:44:56', '2025-11-29 05:23:46');
INSERT INTO customers (id, email, created_at, updated_at) VALUES ('32', 'greenholt.jacques@example.com', '2025-03-05 14:04:30', '2025-11-29 05:23:46');
INSERT INTO customers (id, email, created_at, updated_at) VALUES ('33', 'floyd88@example.net', '2025-05-22 10:49:41', '2025-11-29 05:23:46');
INSERT INTO customers (id, email, created_at, updated_at) VALUES ('34', 'kiehn.aglae@example.org', '2025-01-20 12:33:31', '2025-11-29 05:23:46');
INSERT INTO customers (id, email, created_at, updated_at) VALUES ('35', 'gwill@example.com', '2025-01-12 02:20:37', '2025-11-29 05:23:46');
INSERT INTO customers (id, email, created_at, updated_at) VALUES ('36', 'ellen.goodwin@example.org', '2025-06-29 19:27:11', '2025-11-29 05:23:46');
INSERT INTO customers (id, email, created_at, updated_at) VALUES ('37', 'samir.sipes@example.org', '2025-02-28 21:27:55', '2025-11-29 05:23:46');
INSERT INTO customers (id, email, created_at, updated_at) VALUES ('38', 'rath.quentin@example.net', '2025-01-29 10:54:07', '2025-11-29 05:23:46');
INSERT INTO customers (id, email, created_at, updated_at) VALUES ('39', 'alysa.boehm@example.com', '2025-02-03 19:04:53', '2025-11-29 05:23:46');
INSERT INTO customers (id, email, created_at, updated_at) VALUES ('40', 'rshields@example.org', '2024-12-10 01:52:05', '2025-11-29 05:23:46');
INSERT INTO customers (id, email, created_at, updated_at) VALUES ('41', 'schowalter.juliana@example.org', '2025-02-25 11:13:09', '2025-11-29 05:23:46');
INSERT INTO customers (id, email, created_at, updated_at) VALUES ('42', 'fmarvin@example.net', '2024-12-15 12:06:32', '2025-11-29 05:23:46');
INSERT INTO customers (id, email, created_at, updated_at) VALUES ('43', 'lmayer@example.org', '2025-03-20 13:38:47', '2025-11-29 05:23:46');
INSERT INTO customers (id, email, created_at, updated_at) VALUES ('44', 'demario.gaylord@example.com', '2025-10-10 22:51:47', '2025-11-29 05:23:46');
INSERT INTO customers (id, email, created_at, updated_at) VALUES ('45', 'bosco.ervin@example.org', '2025-03-17 13:09:57', '2025-11-29 05:23:46');
INSERT INTO customers (id, email, created_at, updated_at) VALUES ('46', 'melba.graham@example.com', '2025-05-13 12:15:41', '2025-11-29 05:23:46');
INSERT INTO customers (id, email, created_at, updated_at) VALUES ('47', 'glen51@example.net', '2025-03-09 23:40:30', '2025-11-29 05:23:46');
INSERT INTO customers (id, email, created_at, updated_at) VALUES ('48', 'adelle.schmidt@example.net', '2025-03-12 16:22:21', '2025-11-29 05:23:46');
INSERT INTO customers (id, email, created_at, updated_at) VALUES ('49', 'eden.ledner@example.net', '2025-04-22 10:42:23', '2025-11-29 05:23:46');
INSERT INTO customers (id, email, created_at, updated_at) VALUES ('50', 'evelyn08@example.com', '2024-12-10 14:07:06', '2025-11-29 05:23:46');

-- Orders data

INSERT INTO orders (id, customer_id, total, created_at, updated_at) VALUES ('1', '12', '703.59', '2025-11-20 10:46:38', '2025-11-29 05:23:46');
INSERT INTO orders (id, customer_id, total, created_at, updated_at) VALUES ('2', '3', '785.85', '2025-11-02 07:19:03', '2025-11-29 05:23:46');
INSERT INTO orders (id, customer_id, total, created_at, updated_at) VALUES ('3', '2', '188.79', '2025-11-21 14:54:54', '2025-11-29 05:23:46');
INSERT INTO orders (id, customer_id, total, created_at, updated_at) VALUES ('4', '14', '689.97', '2025-08-11 05:43:39', '2025-11-29 05:23:46');
INSERT INTO orders (id, customer_id, total, created_at, updated_at) VALUES ('5', '11', '597.66', '2025-11-05 04:41:52', '2025-11-29 05:23:46');
INSERT INTO orders (id, customer_id, total, created_at, updated_at) VALUES ('6', '8', '455.25', '2025-10-15 08:04:18', '2025-11-29 05:23:46');
INSERT INTO orders (id, customer_id, total, created_at, updated_at) VALUES ('7', '16', '803.91', '2025-08-06 01:17:07', '2025-11-29 05:23:46');
INSERT INTO orders (id, customer_id, total, created_at, updated_at) VALUES ('8', '12', '312.57', '2025-09-24 20:20:44', '2025-11-29 05:23:46');
INSERT INTO orders (id, customer_id, total, created_at, updated_at) VALUES ('9', '4', '262.20', '2025-09-11 14:59:38', '2025-11-29 05:23:46');
INSERT INTO orders (id, customer_id, total, created_at, updated_at) VALUES ('10', '4', '373.78', '2025-10-09 09:42:44', '2025-11-29 05:23:46');
INSERT INTO orders (id, customer_id, total, created_at, updated_at) VALUES ('11', '12', '981.79', '2025-09-22 05:54:00', '2025-11-29 05:23:46');
INSERT INTO orders (id, customer_id, total, created_at, updated_at) VALUES ('12', '5', '29.52', '2025-09-21 13:32:13', '2025-11-29 05:23:46');
INSERT INTO orders (id, customer_id, total, created_at, updated_at) VALUES ('13', '20', '68.95', '2025-11-12 23:28:06', '2025-11-29 05:23:46');
INSERT INTO orders (id, customer_id, total, created_at, updated_at) VALUES ('14', '6', '328.87', '2025-07-17 14:13:50', '2025-11-29 05:23:46');
INSERT INTO orders (id, customer_id, total, created_at, updated_at) VALUES ('15', '9', '793.39', '2025-10-18 13:13:44', '2025-11-29 05:23:46');
INSERT INTO orders (id, customer_id, total, created_at, updated_at) VALUES ('16', '4', '758.11', '2025-10-04 03:18:59', '2025-11-29 05:23:46');
INSERT INTO orders (id, customer_id, total, created_at, updated_at) VALUES ('17', '10', '558.00', '2025-06-21 18:59:25', '2025-11-29 05:23:46');
INSERT INTO orders (id, customer_id, total, created_at, updated_at) VALUES ('18', '3', '195.50', '2025-09-04 20:54:46', '2025-11-29 05:23:46');
INSERT INTO orders (id, customer_id, total, created_at, updated_at) VALUES ('19', '10', '512.96', '2025-11-07 10:19:17', '2025-11-29 05:23:46');
INSERT INTO orders (id, customer_id, total, created_at, updated_at) VALUES ('20', '14', '45.39', '2025-06-28 18:28:47', '2025-11-29 05:23:46');
INSERT INTO orders (id, customer_id, total, created_at, updated_at) VALUES ('21', '18', '104.53', '2025-09-30 14:42:22', '2025-11-29 05:23:46');
INSERT INTO orders (id, customer_id, total, created_at, updated_at) VALUES ('22', '16', '366.68', '2025-09-17 03:34:35', '2025-11-29 05:23:46');
INSERT INTO orders (id, customer_id, total, created_at, updated_at) VALUES ('23', '14', '948.36', '2025-07-27 01:00:01', '2025-11-29 05:23:46');
INSERT INTO orders (id, customer_id, total, created_at, updated_at) VALUES ('24', '9', '427.05', '2025-07-23 00:47:23', '2025-11-29 05:23:46');
INSERT INTO orders (id, customer_id, total, created_at, updated_at) VALUES ('25', '13', '329.38', '2025-09-26 01:18:00', '2025-11-29 05:23:46');
INSERT INTO orders (id, customer_id, total, created_at, updated_at) VALUES ('26', '13', '653.94', '2025-06-13 01:45:39', '2025-11-29 05:23:46');
INSERT INTO orders (id, customer_id, total, created_at, updated_at) VALUES ('27', '16', '421.34', '2025-10-14 16:49:32', '2025-11-29 05:23:46');
INSERT INTO orders (id, customer_id, total, created_at, updated_at) VALUES ('28', '17', '926.47', '2025-08-04 03:57:56', '2025-11-29 05:23:46');
INSERT INTO orders (id, customer_id, total, created_at, updated_at) VALUES ('29', '10', '501.67', '2025-10-16 16:41:01', '2025-11-29 05:23:46');
INSERT INTO orders (id, customer_id, total, created_at, updated_at) VALUES ('30', '8', '339.06', '2025-11-21 12:00:46', '2025-11-29 05:23:46');

-- Current employees data

INSERT INTO current_employees (id, name, email, department, hire_date, created_at, updated_at) VALUES ('1', 'Dr. Braxton Torphy V', 'schiller.michael@example.com', 'Finance', '2022-05-17', '2025-11-29 05:23:46', '2025-11-29 05:23:46');
INSERT INTO current_employees (id, name, email, department, hire_date, created_at, updated_at) VALUES ('2', 'Chanelle Spencer', 'ispencer@example.net', 'Operations', '2021-10-18', '2025-11-29 05:23:46', '2025-11-29 05:23:46');
INSERT INTO current_employees (id, name, email, department, hire_date, created_at, updated_at) VALUES ('3', 'Vincenza Parker', 'zkuvalis@example.com', 'Finance', '2024-11-17', '2025-11-29 05:23:46', '2025-11-29 05:23:46');
INSERT INTO current_employees (id, name, email, department, hire_date, created_at, updated_at) VALUES ('4', 'Deontae Miller', 'bernadine.kessler@example.net', 'HR', '2021-06-20', '2025-11-29 05:23:46', '2025-11-29 05:23:46');
INSERT INTO current_employees (id, name, email, department, hire_date, created_at, updated_at) VALUES ('5', 'Johnny Rau', 'huel.mack@example.org', 'Marketing', '2021-07-05', '2025-11-29 05:23:46', '2025-11-29 05:23:46');
INSERT INTO current_employees (id, name, email, department, hire_date, created_at, updated_at) VALUES ('6', 'Laurine Hand Sr.', 'john98@example.net', 'Finance', '2023-01-07', '2025-11-29 05:23:46', '2025-11-29 05:23:46');
INSERT INTO current_employees (id, name, email, department, hire_date, created_at, updated_at) VALUES ('7', 'Daisha Daugherty', 'halvorson.arvilla@example.net', 'Operations', '2024-06-29', '2025-11-29 05:23:46', '2025-11-29 05:23:46');
INSERT INTO current_employees (id, name, email, department, hire_date, created_at, updated_at) VALUES ('8', 'Prof. Kraig Moen', 'neil.skiles@example.com', 'Engineering', '2023-06-23', '2025-11-29 05:23:46', '2025-11-29 05:23:46');
INSERT INTO current_employees (id, name, email, department, hire_date, created_at, updated_at) VALUES ('9', 'Mathew Ritchie', 'eva42@example.com', 'Marketing', '2024-09-23', '2025-11-29 05:23:46', '2025-11-29 05:23:46');
INSERT INTO current_employees (id, name, email, department, hire_date, created_at, updated_at) VALUES ('10', 'Prof. Tatum Wiza MD', 'dora.lakin@example.com', 'Sales', '2020-12-22', '2025-11-29 05:23:46', '2025-11-29 05:23:46');
INSERT INTO current_employees (id, name, email, department, hire_date, created_at, updated_at) VALUES ('11', 'Miss Rosalia Shanahan V', 'stokes.jada@example.net', 'Marketing', '2021-10-26', '2025-11-29 05:23:46', '2025-11-29 05:23:46');
INSERT INTO current_employees (id, name, email, department, hire_date, created_at, updated_at) VALUES ('12', 'Irving Tillman', 'cabshire@example.com', 'Engineering', '2020-12-03', '2025-11-29 05:23:46', '2025-11-29 05:23:46');
INSERT INTO current_employees (id, name, email, department, hire_date, created_at, updated_at) VALUES ('13', 'Jada Pfeffer', 'rheidenreich@example.com', 'Engineering', '2024-07-05', '2025-11-29 05:23:46', '2025-11-29 05:23:46');
INSERT INTO current_employees (id, name, email, department, hire_date, created_at, updated_at) VALUES ('14', 'Tyrique Murazik', 'bessie36@example.net', 'Sales', '2024-07-31', '2025-11-29 05:23:46', '2025-11-29 05:23:46');
INSERT INTO current_employees (id, name, email, department, hire_date, created_at, updated_at) VALUES ('15', 'Axel Nikolaus', 'borer.nayeli@example.com', 'Operations', '2025-08-08', '2025-11-29 05:23:46', '2025-11-29 05:23:46');
INSERT INTO current_employees (id, name, email, department, hire_date, created_at, updated_at) VALUES ('16', 'Elva Swift', 'zsatterfield@example.org', 'Operations', '2023-05-16', '2025-11-29 05:23:46', '2025-11-29 05:23:46');
INSERT INTO current_employees (id, name, email, department, hire_date, created_at, updated_at) VALUES ('17', 'Emmet Yost', 'wmarvin@example.org', 'Marketing', '2022-08-27', '2025-11-29 05:23:46', '2025-11-29 05:23:46');
INSERT INTO current_employees (id, name, email, department, hire_date, created_at, updated_at) VALUES ('18', 'Tom Nikolaus', 'kbruen@example.com', 'HR', '2023-12-16', '2025-11-29 05:23:46', '2025-11-29 05:23:46');
INSERT INTO current_employees (id, name, email, department, hire_date, created_at, updated_at) VALUES ('19', 'Adrianna O''Conner', 'krajcik.rhoda@example.net', 'Finance', '2024-04-07', '2025-11-29 05:23:46', '2025-11-29 05:23:46');
INSERT INTO current_employees (id, name, email, department, hire_date, created_at, updated_at) VALUES ('20', 'Isobel Ankunding', 'reinhold15@example.org', 'Finance', '2024-01-10', '2025-11-29 05:23:46', '2025-11-29 05:23:46');
INSERT INTO current_employees (id, name, email, department, hire_date, created_at, updated_at) VALUES ('21', 'Stephan Parker', 'kathlyn.gibson@example.org', 'Marketing', '2023-12-24', '2025-11-29 05:23:46', '2025-11-29 05:23:46');
INSERT INTO current_employees (id, name, email, department, hire_date, created_at, updated_at) VALUES ('22', 'Providenci O''Connell', 'molson@example.com', 'HR', '2023-04-22', '2025-11-29 05:23:46', '2025-11-29 05:23:46');
INSERT INTO current_employees (id, name, email, department, hire_date, created_at, updated_at) VALUES ('23', 'Mrs. Kristy Gibson PhD', 'kiara.homenick@example.net', 'Sales', '2021-08-11', '2025-11-29 05:23:46', '2025-11-29 05:23:46');
INSERT INTO current_employees (id, name, email, department, hire_date, created_at, updated_at) VALUES ('24', 'Deshawn Nader', 'andy94@example.org', 'Marketing', '2021-12-07', '2025-11-29 05:23:46', '2025-11-29 05:23:46');
INSERT INTO current_employees (id, name, email, department, hire_date, created_at, updated_at) VALUES ('25', 'Destin Leuschke', 'elyssa08@example.com', 'Finance', '2021-07-23', '2025-11-29 05:23:46', '2025-11-29 05:23:46');

-- Former employees data

INSERT INTO former_employees (id, name, email, department, created_at, updated_at) VALUES ('1', 'Stephon Luettgen', 'rod40@example.net', 'Engineering', '2022-08-29 02:49:14', '2025-11-29 05:23:46');
INSERT INTO former_employees (id, name, email, department, created_at, updated_at) VALUES ('2', 'Jude Schumm', 'sgibson@example.com', 'Finance', '2018-06-03 17:43:03', '2025-11-29 05:23:46');
INSERT INTO former_employees (id, name, email, department, created_at, updated_at) VALUES ('3', 'Althea Smith', 'abrown@example.net', 'HR', '2019-12-08 20:40:17', '2025-11-29 05:23:46');
INSERT INTO former_employees (id, name, email, department, created_at, updated_at) VALUES ('4', 'Walton Kling', 'maddison.frami@example.net', 'Finance', '2022-11-19 15:49:10', '2025-11-29 05:23:46');
INSERT INTO former_employees (id, name, email, department, created_at, updated_at) VALUES ('5', 'Mrs. Cathryn Reilly II', 'cassin.llewellyn@example.com', 'Engineering', '2017-05-29 01:21:20', '2025-11-29 05:23:46');
INSERT INTO former_employees (id, name, email, department, created_at, updated_at) VALUES ('6', 'Marina Okuneva I', 'johnson.dana@example.com', 'Finance', '2022-11-30 03:12:05', '2025-11-29 05:23:46');
INSERT INTO former_employees (id, name, email, department, created_at, updated_at) VALUES ('7', 'Dr. Kayleigh Medhurst II', 'vcruickshank@example.com', 'Engineering', '2020-12-03 09:59:28', '2025-11-29 05:23:46');
INSERT INTO former_employees (id, name, email, department, created_at, updated_at) VALUES ('8', 'Kaelyn Legros', 'iliana.jaskolski@example.net', 'Engineering', '2018-10-25 02:56:38', '2025-11-29 05:23:46');
INSERT INTO former_employees (id, name, email, department, created_at, updated_at) VALUES ('9', 'Mrs. Berenice Rosenbaum DVM', 'alice32@example.com', 'Sales', '2022-01-29 17:13:06', '2025-11-29 05:23:46');
INSERT INTO former_employees (id, name, email, department, created_at, updated_at) VALUES ('10', 'Kole Goodwin', 'anastasia.haley@example.net', 'Finance', '2023-05-10 02:56:44', '2025-11-29 05:23:46');
INSERT INTO former_employees (id, name, email, department, created_at, updated_at) VALUES ('11', 'Bernadine Kertzmann', 'jorge27@example.com', 'Marketing', '2024-09-11 06:28:59', '2025-11-29 05:23:46');
INSERT INTO former_employees (id, name, email, department, created_at, updated_at) VALUES ('12', 'Tyra Purdy', 'okon.lenna@example.org', 'Marketing', '2020-10-26 07:47:16', '2025-11-29 05:23:46');
INSERT INTO former_employees (id, name, email, department, created_at, updated_at) VALUES ('13', 'Prof. Scottie Bogan', 'kulas.joanny@example.org', 'Marketing', '2024-11-24 18:51:52', '2025-11-29 05:23:46');
INSERT INTO former_employees (id, name, email, department, created_at, updated_at) VALUES ('14', 'Shakira Stehr MD', 'bhowell@example.org', 'HR', '2017-04-20 21:58:52', '2025-11-29 05:23:46');
INSERT INTO former_employees (id, name, email, department, created_at, updated_at) VALUES ('15', 'Prof. Bert Mertz MD', 'becker.sterling@example.com', 'Operations', '2019-01-08 12:03:22', '2025-11-29 05:23:46');

--
-- Update sequences
--

SELECT setval('users_id_seq', (SELECT MAX(id) FROM users), true);
SELECT setval('posts_id_seq', (SELECT MAX(id) FROM posts), true);
SELECT setval('customers_id_seq', (SELECT MAX(id) FROM customers), true);
SELECT setval('orders_id_seq', (SELECT MAX(id) FROM orders), true);
SELECT setval('current_employees_id_seq', (SELECT MAX(id) FROM current_employees), true);
SELECT setval('former_employees_id_seq', (SELECT MAX(id) FROM former_employees), true);

--
-- Primary keys
--

ALTER TABLE ONLY users ADD CONSTRAINT users_pkey PRIMARY KEY (id);
ALTER TABLE ONLY user_preferences ADD CONSTRAINT user_preferences_pkey PRIMARY KEY (user_id);
ALTER TABLE ONLY posts ADD CONSTRAINT posts_pkey PRIMARY KEY (id);
ALTER TABLE ONLY customers ADD CONSTRAINT customers_pkey PRIMARY KEY (id);
ALTER TABLE ONLY orders ADD CONSTRAINT orders_pkey PRIMARY KEY (id);
ALTER TABLE ONLY current_employees ADD CONSTRAINT current_employees_pkey PRIMARY KEY (id);
ALTER TABLE ONLY former_employees ADD CONSTRAINT former_employees_pkey PRIMARY KEY (id);

--
-- Unique constraints
--

ALTER TABLE ONLY users ADD CONSTRAINT users_email_unique UNIQUE (email);
ALTER TABLE ONLY customers ADD CONSTRAINT customers_email_unique UNIQUE (email);
ALTER TABLE ONLY current_employees ADD CONSTRAINT current_employees_email_unique UNIQUE (email);
ALTER TABLE ONLY former_employees ADD CONSTRAINT former_employees_email_unique UNIQUE (email);

--
-- Foreign keys
--

ALTER TABLE ONLY user_preferences ADD CONSTRAINT user_preferences_user_id_foreign FOREIGN KEY (user_id) REFERENCES users(id) ON DELETE CASCADE;
ALTER TABLE ONLY posts ADD CONSTRAINT posts_user_id_foreign FOREIGN KEY (user_id) REFERENCES users(id) ON DELETE SET NULL;
ALTER TABLE ONLY orders ADD CONSTRAINT orders_customer_id_foreign FOREIGN KEY (customer_id) REFERENCES customers(id) ON DELETE CASCADE;
